bodyId,out_degree,in_degree,total_output_weight,total_input_weight,predictedNt,type
10011,8863,4422,21628,13300,octopamine,OA-AL2i1
10043,118,65,1868,1101,gaba,ER5
10072,10745,4942,28333,15183,octopamine,OA-AL2i1
10090,1448,1363,11933,9747,acetylcholine,aSP22
10099,543,580,9254,9845,glutamate,ExR6
10150,404,171,584,764,serotonin,AN27X013
10185,5873,2423,32411,12234,octopamine,OA-VUMa8
10187,6030,2667,17210,10402,octopamine,OA-VPM3
10230,1093,1339,8203,10153,acetylcholine,SIP136m
10239,844,1110,12959,9753,gaba,AOTU042
10273,1117,1328,7328,10232,acetylcholine,SIP136m
10285,837,953,8836,21950,acetylcholine,CRE011
10299,2959,2199,22130,14319,gaba,AstA1
10324,462,697,6883,13703,acetylcholine,ExR1
10342,1992,850,3575,1696,unclear,DNc02
10396,391,277,2385,988,glutamate,FB2F_a
10416,568,914,4230,10034,acetylcholine,DNde002
10442,656,765,6244,12467,acetylcholine,DNa01
10449,700,1067,6731,8056,acetylcholine,DNpe025
10453,673,392,8327,4222,glutamate,FB6A_a
10487,295,1006,4682,7432,acetylcholine,CL311
10504,1265,992,1938,4165,unclear,DNp62
10513,187,122,2307,1133,glutamate,Delta7
10514,644,371,6923,4724,glutamate,FB6A_c
10537,80,500,6050,9475,glutamate,LNO2
10539,260,372,2687,4842,acetylcholine,EPG
10547,202,352,775,1513,glutamate,SIP119m
10568,421,526,1132,2513,dopamine,FB4L
10624,796,650,6686,3068,glutamate,ExR5
10635,897,964,7099,8550,gaba,CRE021
10638,1430,983,10029,8844,acetylcholine,GNG667
10675,633,2889,5631,9118,acetylcholine,LT66
10705,2176,890,3485,1513,unclear,DNc02
10712,1205,933,7254,7582,glutamate,DNp36
10744,766,787,6210,5411,gaba,FB5A
10804,1126,1172,6731,5906,gaba,MBON20
10817,114,61,860,703,acetylcholine,PFNv
10916,931,1059,7597,9739,gaba,CRE021
10963,405,1151,3609,9112,gaba,SMP543
10969,298,478,6905,10406,glutamate,ExR4
11017,1524,1635,9954,9051,gaba,PVLP093
11023,538,615,3431,3029,glutamate,GNG304
11053,563,297,6962,6497,acetylcholine,LPsP
11083,451,273,3014,1220,glutamate,FB6C_b
11116,572,946,7557,10731,acetylcholine,pIP10
11121,218,357,1655,1838,acetylcholine,DNp52
11145,1189,1250,7107,6141,gaba,MBON20
11176,634,1000,6245,9944,acetylcholine,MBON26
11178,336,728,2891,5663,acetylcholine,SIP091
11184,208,124,2403,1480,glutamate,Delta7
11197,454,315,3649,1639,glutamate,FB6I
11213,359,434,4457,3652,acetylcholine,CB0244
11255,835,743,2056,3151,dopamine,FB1C
11258,628,760,4399,4849,acetylcholine,DNd05
11278,451,954,5185,10316,glutamate,PVLP016
11280,274,272,3670,2744,gaba,LAL205
11307,301,365,2661,4249,acetylcholine,EPG
11311,648,932,6181,5919,gaba,CL248
11326,836,668,7439,3167,glutamate,ExR5
11340,399,279,4590,1743,acetylcholine,ExR7
11343,764,599,4717,2890,acetylcholine,SMP586
11369,1946,952,3110,1878,unclear,DNc01
11423,709,811,6247,5753,gaba,CRE100
11433,527,680,6652,12965,acetylcholine,ExR1
11490,346,572,5011,9038,glutamate,LAL073
11497,123,510,6252,9464,glutamate,LNO2
11499,724,797,4490,3980,acetylcholine,AVLP314
11503,254,337,2338,4046,acetylcholine,EPG
11512,203,191,3040,2969,acetylcholine,hDeltaB
11516,234,494,7997,8967,glutamate,LCNOpm
11527,742,874,4969,4691,acetylcholine,DNg101
11543,601,783,3747,6778,acetylcholine,CL111
11555,330,493,1566,1725,acetylcholine,PVLP203m
11557,146,347,909,2426,acetylcholine,PFL2
11605,99,57,1809,1094,gaba,ER5
11618,1183,1381,3367,9965,dopamine,PPL102
11673,181,323,1348,2684,acetylcholine,PFL2
11745,139,168,1426,1325,acetylcholine,PFL1
11786,126,172,928,1119,acetylcholine,PFL1
11791,240,498,867,2931,glutamate,SIP104m
11819,783,342,1503,1475,serotonin,ATL042
11841,504,529,1907,2257,acetylcholine,CB1301
11859,602,637,5905,4596,acetylcholine,DNpe050
11874,305,377,2537,4433,acetylcholine,EPG
11886,445,698,7280,13739,acetylcholine,ExR1
11933,165,179,2447,1905,gaba,ER2_c
11954,771,675,3844,4146,acetylcholine,AVLP751m
11987,288,337,2526,4121,acetylcholine,EPG
11989,287,378,2497,4489,acetylcholine,EPG
11994,463,353,3300,1717,glutamate,FB5L
12059,118,57,1984,1231,gaba,ER5
12074,626,689,5732,8270,glutamate,SIP133m
12083,279,517,4607,5249,glutamate,FB4B
12104,60,174,4416,2407,unclear,GLNO
12106,1021,897,8157,3419,acetylcholine,FB1G
12177,533,596,5729,4403,acetylcholine,DNpe050
12220,521,531,2276,2106,acetylcholine,ICL002m
12221,823,866,6307,5900,gaba,FB5A
12248,606,345,6982,3896,glutamate,FB6A_a
12261,598,590,3491,6598,gaba,SMP285
12285,153,182,1103,1200,acetylcholine,SMP597
12311,519,539,2128,2087,glutamate,FB5D
12325,451,411,3743,2531,acetylcholine,DNp67
12333,748,725,3763,4892,dopamine,FB4M
12357,165,169,2578,1788,gaba,ER2_c
12358,152,154,2147,2465,acetylcholine,PEN_a(PEN1)
12359,203,482,6969,8248,glutamate,LCNOpm
12389,446,351,3992,1507,acetylcholine,DNp60
12390,613,1057,4804,8967,acetylcholine,AVLP562
12398,533,218,782,987,serotonin,AN27X013
12400,13,273,21,1410,unclear,IPC
12449,295,361,2315,4047,acetylcholine,EPG
12499,364,681,4332,4442,acetylcholine,CL310
12506,612,665,9702,10363,glutamate,ExR6
12529,550,568,3157,3068,glutamate,GNG304
12569,2414,2401,21808,46963,dopamine,DPM
12573,614,705,5408,5276,acetylcholine,AVLP397
12656,465,695,6650,13371,acetylcholine,ExR1
12674,443,238,3360,1071,glutamate,FB6C_a
12706,1166,936,9391,7458,serotonin,ExR3
12763,492,417,3361,1876,glutamate,FB4K
12797,203,202,4551,2538,gaba,ER4m
12802,424,601,4775,4773,glutamate,FB4B
12844,239,268,2426,3019,glutamate,FB3A
12855,586,691,4935,2872,glutamate,AOTU046
12887,444,639,2156,3547,acetylcholine,CL007
12902,952,695,3275,5871,dopamine,PPL108
12922,429,453,2087,3088,acetylcholine,AVLP716m
13031,158,317,1028,2003,acetylcholine,PFL2
13033,614,760,6855,6060,acetylcholine,FB5AB
13058,965,864,8529,3476,acetylcholine,FB1G
13068,2172,808,4426,3882,dopamine,PPM1201
13094,201,213,2445,2503,gaba,ER4d
13101,589,765,6517,5677,acetylcholine,FB5AB
13131,792,471,1762,2229,serotonin,CL344_a
13142,734,852,6079,5827,gaba,FB5A
13217,278,372,2393,4435,acetylcholine,EPG
13302,856,985,5603,7175,acetylcholine,CL109
13316,461,360,2727,1588,glutamate,FB5L
13335,242,269,1145,1055,acetylcholine,AVLP700m
13365,346,542,1899,2840,acetylcholine,SIP110m_a
13392,187,344,1809,3416,acetylcholine,hDeltaH
13395,194,205,4357,2370,gaba,ER4m
13398,821,479,1960,2166,serotonin,CL344_a
13411,191,182,1230,1049,glutamate,FB8B
13417,224,133,2646,2002,acetylcholine,hDeltaB
13418,513,308,4773,2998,glutamate,FB6D
13434,215,212,4930,2974,gaba,ER4m
13490,169,391,1293,3195,acetylcholine,PFL2
13559,832,1128,3255,6036,unclear,FB4Y
13646,201,350,1045,1203,acetylcholine,CL062_a1
13650,418,377,2074,1303,glutamate,FB4F_c
13732,169,321,939,3013,acetylcholine,hDeltaI
13751,223,423,1742,2618,acetylcholine,IB023
13862,299,216,1133,1278,glutamate,FB2I_a
13873,444,443,2106,2182,acetylcholine,DNa14
13877,480,602,3952,6366,acetylcholine,LAL159
13892,225,221,1173,1127,acetylcholine,PFR_b
13893,331,259,906,730,unclear,FB3C
13902,354,246,1509,1193,glutamate,FB2I_a
13913,334,381,2024,2139,glutamate,SMP028
13914,31,152,202,841,serotonin,hDeltaK
13920,346,353,1360,1695,glutamate,VES202m
13924,657,643,7498,6011,acetylcholine,AVLP520
13930,399,441,2757,2956,gaba,LAL102
13945,364,483,1722,1636,acetylcholine,PVLP203m
13985,213,207,4840,2393,gaba,ER4m
13999,127,124,1400,1146,gaba,ER3w_c
14016,848,673,4633,2202,acetylcholine,AN08B020
14120,448,441,3080,3078,glutamate,FB2D
14150,397,461,1927,1471,acetylcholine,PVLP203m
14182,2457,2796,14362,15380,dopamine,PPL103
14222,428,296,2946,1323,glutamate,FB7A
14268,453,634,2720,3997,acetylcholine,CL199
14284,101,56,1882,1230,gaba,ER5
14308,201,208,4933,2358,gaba,ER4m
14420,421,494,4040,4102,glutamate,FB4X
14434,890,1029,3449,5584,serotonin,FB4Y
14464,180,138,2677,3008,gaba,ER6
14482,218,213,4554,2397,gaba,ER4m
14507,263,314,1953,3011,acetylcholine,EPG
14509,199,119,2481,1310,glutamate,Delta7
14527,638,511,3712,2102,acetylcholine,AN05B103
14540,488,506,2211,3691,unclear,FB6H
14552,351,380,1932,4715,octopamine,EL
14631,188,130,508,446,acetylcholine,PFNp_c
14663,141,154,1302,1017,acetylcholine,PFL1
14677,446,462,4875,3837,glutamate,FB5I
14703,134,258,614,732,glutamate,FB8F_a
14727,267,362,2418,4420,acetylcholine,EPG
14729,185,353,1269,2689,acetylcholine,PFL2
14806,184,116,2333,1152,glutamate,Delta7
14816,196,122,1955,1327,glutamate,Delta7
14830,203,253,4512,3494,acetylcholine,LAL171
14840,262,304,2245,2266,gaba,LAL101
14871,361,393,1955,4323,octopamine,EL
14881,39,159,4298,2286,unclear,GLNO
14963,114,64,1885,1059,gaba,ER5
14975,207,318,1207,2081,acetylcholine,hDeltaC
15084,510,671,2664,2057,acetylcholine,CL251
15129,299,276,1444,1639,glutamate,FB1I
15176,212,151,2130,2224,acetylcholine,PEN_b(PEN2)
15210,132,328,1473,2580,acetylcholine,PFL3
15325,583,659,5741,6286,glutamate,FB4C
15358,432,557,2735,2279,acetylcholine,AVLP730m
15398,149,121,2076,1166,glutamate,Delta7
15399,185,123,2597,1277,glutamate,Delta7
15409,204,122,2655,1361,glutamate,Delta7
15425,417,509,1540,2452,acetylcholine,AVLP714m
15441,289,430,2549,2505,acetylcholine,LAL154
15444,210,198,1938,1518,gaba,ER2_d
15458,115,226,1426,1474,acetylcholine,ExR8
15495,194,121,2404,1251,glutamate,Delta7
15514,513,236,730,1072,serotonin,AN27X013
15605,340,414,1858,1700,acetylcholine,CL326
15616,278,379,2747,5738,acetylcholine,EPG
15620,264,315,1066,784,acetylcholine,SCL001m
15654,202,123,2742,1284,glutamate,Delta7
15674,59,166,4592,2729,glutamate,LNOa
15713,276,357,2426,3869,acetylcholine,EPG
15768,249,270,2391,2631,glutamate,FB3A
15837,192,114,2481,1191,glutamate,Delta7
15839,201,133,2517,1400,glutamate,Delta7
15851,197,125,2316,1185,glutamate,Delta7
15888,777,762,4059,4917,dopamine,FB4M
15900,231,362,1419,1457,acetylcholine,IB020
15904,185,126,2464,1268,glutamate,Delta7
15919,257,277,2264,2881,glutamate,FB3A
15924,501,536,3329,3038,glutamate,FB4G
15929,454,528,1951,2319,glutamate,FB5AA
15967,120,71,834,995,acetylcholine,PFNa
16000,221,416,993,1722,acetylcholine,LAL029_b
16008,75,86,800,975,acetylcholine,PEG
16100,336,305,1813,1430,glutamate,FB6O
16110,215,125,2511,1222,glutamate,Delta7
16111,218,295,841,1399,gaba,SAD075
16158,183,364,1553,3055,acetylcholine,hDeltaH
16180,200,131,2581,1145,glutamate,Delta7
16214,273,292,1415,1781,acetylcholine,PFR_b
16234,175,121,2241,1131,glutamate,Delta7
16292,399,255,4337,1811,glutamate,FB6E
16303,329,244,902,1756,serotonin,PFR_a
16315,376,393,3716,1854,glutamate,FB6F
16343,183,147,2448,2087,gaba,ER4d
16360,293,361,2409,3975,acetylcholine,EPG
16363,256,426,1309,2201,acetylcholine,AVLP115
16412,153,113,2213,1038,glutamate,Delta7
16430,824,619,3263,4006,unclear,FB5H
16440,220,202,4591,2400,gaba,ER4m
16456,362,483,1392,1697,acetylcholine,
16473,497,662,4085,4410,gaba,CRE012
16476,163,121,2207,1122,glutamate,Delta7
16540,190,120,2455,1218,glutamate,Delta7
16541,293,222,1017,610,gaba,ICL008m
16553,182,118,1908,1170,glutamate,Delta7
16580,295,397,983,1324,acetylcholine,SMP715m
16598,114,99,1390,1029,gaba,ER3w_b
16800,75,246,745,1561,serotonin,PFGs
16818,142,135,2479,2098,gaba,ER4d
16869,161,111,2083,1021,glutamate,Delta7
16908,453,300,2191,1259,glutamate,FB4O
16973,374,294,1987,866,glutamate,FB2G_b
17000,147,297,1054,1820,acetylcholine,PFL3
17016,82,205,3090,2423,unclear,LNO1
17024,167,124,1681,1252,glutamate,Delta7
17061,352,456,1063,2316,dopamine,FB4L
17078,107,65,1837,1121,gaba,ER5
17082,320,214,2540,714,acetylcholine,LAL192
17100,356,554,2103,4646,acetylcholine,SMP052
17143,178,130,2488,1151,glutamate,Delta7
17171,111,59,1823,1032,gaba,ER5
17177,281,196,952,1930,serotonin,ATL032
17286,136,308,1419,2439,acetylcholine,PFL3
17288,227,523,1192,1848,acetylcholine,PVLP200m_b
17290,158,329,1597,2364,acetylcholine,PFL3
17300,399,373,1710,1637,acetylcholine,PLP262
17379,168,119,2082,1101,glutamate,Delta7
17402,221,215,4594,2502,gaba,ER4m
17419,194,154,2683,3101,gaba,ER6
17454,134,139,1390,1591,acetylcholine,PEN_a(PEN1)
17480,496,514,3219,3134,glutamate,FB2D
17552,224,236,1702,1079,glutamate,FB7A
17561,134,106,1298,1219,gaba,ER3m
17591,147,146,2233,2057,gaba,ER4d
17602,217,282,1606,3688,acetylcholine,hDeltaL
17679,193,181,2024,1494,gaba,ER2_d
17720,420,339,1753,1440,glutamate,FB2B_b
17728,203,324,1266,2464,acetylcholine,hDeltaC
17738,532,279,2331,974,glutamate,FB2H_b
17743,416,440,2746,3719,acetylcholine,AVLP161
17749,344,386,1093,1056,glutamate,FB2L
17753,150,110,1947,1149,glutamate,Delta7
17759,342,315,1572,1254,glutamate,FB5N
17763,401,376,1734,1429,glutamate,FB6B
17780,140,245,446,1076,acetylcholine,hDeltaJ
17801,230,354,1973,4343,acetylcholine,hDeltaA
17804,179,122,2042,1158,glutamate,Delta7
17816,247,135,4495,2583,acetylcholine,hDeltaB
17820,245,140,4584,2787,acetylcholine,hDeltaB
17874,219,347,1886,3723,acetylcholine,hDeltaM
17918,426,311,1549,1288,gaba,AVLP734m
17991,204,338,1746,3897,acetylcholine,hDeltaA
18030,93,146,364,593,acetylcholine,vDeltaI_b
18037,298,606,1513,3371,acetylcholine,AVLP110_a
18058,179,179,1594,1372,gaba,ER2_b
18065,411,271,3507,1246,glutamate,FB6C_b
18097,315,438,1171,1731,acetylcholine,
18113,427,350,2350,1526,glutamate,FB6N
18156,456,337,1843,2677,dopamine,ExR2
18178,320,206,1494,1075,glutamate,FB2I_a
18221,440,285,2492,2369,unclear,FB2B_a
18242,541,397,2802,1539,acetylcholine,CRE005
18327,169,366,1719,2550,acetylcholine,PFL3
18377,112,99,1308,943,gaba,ER3w_b
18382,202,304,1001,1495,acetylcholine,VES203m
18419,155,149,2550,2324,acetylcholine,PEN_a(PEN1)
18422,432,288,3128,1378,glutamate,FB6C_b
18437,54,226,598,1523,unclear,FR1
18482,206,232,1826,2664,acetylcholine,hDeltaD
18504,163,149,2668,2425,acetylcholine,PEN_a(PEN1)
18508,173,178,2523,1987,gaba,ER2_c
18586,273,209,708,1455,serotonin,PFR_a
18625,118,214,1245,1126,acetylcholine,PFL1
18633,120,68,2017,1172,gaba,ER5
18639,154,122,2237,1099,glutamate,Delta7
18664,184,188,2167,1656,gaba,ER2_c
18666,440,333,3318,1603,glutamate,FB4P_b
18670,259,248,1438,1570,acetylcholine,PFR_b
18717,218,361,1130,2200,acetylcholine,CB1189
18733,172,173,2431,1850,gaba,ER2_c
18744,159,148,2319,2198,acetylcholine,PEN_a(PEN1)
18779,158,154,2403,2545,acetylcholine,PEN_a(PEN1)
18803,139,345,1165,2282,acetylcholine,PFL3
18823,187,116,2228,1262,glutamate,Delta7
18830,345,366,1534,1126,gaba,AVLP760m
18851,150,351,1492,2618,acetylcholine,PFL3
18899,406,306,3639,1545,glutamate,FB6G
18932,156,135,1558,2055,acetylcholine,PEN_b(PEN2)
18982,454,494,3205,3342,glutamate,FB2D
18999,243,282,920,1169,acetylcholine,SMP713m
19009,157,325,1536,2202,acetylcholine,PFL3
19011,58,108,705,622,acetylcholine,IbSpsP
19013,424,470,1500,2277,acetylcholine,AVLP715m
19072,105,55,1805,1105,gaba,ER5
19100,235,151,3303,2512,acetylcholine,hDeltaB
19125,271,363,2398,3927,acetylcholine,EPG
19169,154,131,1349,1332,gaba,ER3m
19189,140,138,2186,2431,acetylcholine,PEN_a(PEN1)
19223,223,307,1042,1443,glutamate,ICL003m
19238,277,237,2015,1221,glutamate,FB7A
19266,370,261,1929,1247,glutamate,FB4R
19269,142,168,1113,1132,acetylcholine,PFL1
19323,163,152,2641,2132,gaba,ER4d
19337,363,207,1538,1051,glutamate,FB2I_a
19355,171,175,2396,1666,gaba,ER2_c
19367,75,267,494,1715,serotonin,PFGs
19369,544,647,4773,2763,glutamate,AOTU046
19373,474,353,3426,1611,glutamate,FB4P_c
19410,159,145,2336,2109,gaba,ER4d
19425,168,178,2378,1809,gaba,ER2_c
19443,287,240,788,1401,serotonin,PFR_a
19460,529,386,3147,2018,glutamate,FB4P_c
19564,129,293,791,1965,serotonin,PFGs
19569,171,174,2311,1894,gaba,ER2_c
19602,225,142,3169,2409,acetylcholine,hDeltaB
19606,360,389,1575,1552,acetylcholine,
19616,378,243,2361,1080,glutamate,LAL208
19700,346,227,1453,1180,glutamate,FB2I_a
19705,386,344,2181,1310,acetylcholine,pC1_2b
19715,158,331,1146,2796,acetylcholine,PFL2
19737,152,141,2390,2035,gaba,ER4d
19754,485,448,1946,1640,glutamate,CB3439
19760,197,151,2228,2592,acetylcholine,PEN_b(PEN2)
19791,144,137,2450,2148,gaba,ER4d
19798,203,355,1608,3363,acetylcholine,hDeltaG
19807,164,170,2483,1894,gaba,ER2_c
19825,278,372,2372,3985,acetylcholine,EPG
19900,184,186,2338,1736,gaba,ER2_c
19917,182,173,2470,1889,gaba,ER2_c
19935,191,191,2169,1586,gaba,ER2_c
19974,285,202,1097,1080,glutamate,FB2I_a
20007,88,98,958,1144,acetylcholine,PEG
20026,106,61,1860,1118,gaba,ER5
20055,415,471,1749,1961,acetylcholine,
20070,59,125,175,370,acetylcholine,FR2
20145,249,393,1839,2623,glutamate,IB110
20231,212,342,1124,2432,acetylcholine,hDeltaC
20233,396,256,4423,1628,acetylcholine,ExR7
20253,192,194,2335,1827,gaba,ER2_a
20279,129,181,1373,1344,acetylcholine,PFL1
20291,343,434,1088,2190,glutamate,SIP122m
20317,182,181,2103,1557,gaba,ER2_c
20331,375,373,1873,1332,glutamate,FB6B
20339,142,130,579,706,acetylcholine,PFNm_b
20347,364,625,1970,5108,acetylcholine,SMP052
20383,305,273,1318,788,acetylcholine,SCL001m
20385,87,78,1112,1034,gaba,ER3a_a
20404,153,154,2562,2243,gaba,ER4d
20449,256,472,1186,1947,acetylcholine,AVLP193
20478,221,142,1303,973,glutamate,FB1D
20514,125,87,1251,1235,gaba,ER3d_d
20517,242,374,1167,1605,acetylcholine,ICL012m
20520,227,134,2869,2306,acetylcholine,hDeltaB
20559,192,196,2212,1584,gaba,ER2_a
20565,237,372,2034,3604,acetylcholine,hDeltaG
20578,194,143,1061,789,glutamate,FB1D
20590,193,195,2184,1574,gaba,ER2_a
20605,197,185,2203,1692,gaba,ER2_a
20653,146,129,2501,1997,gaba,ER4d
20664,201,191,2200,1650,gaba,ER2_a
20678,195,200,2003,1601,gaba,ER2_d
20715,350,379,2653,5170,octopamine,EL
20781,61,241,446,1655,serotonin,PFGs
20792,191,306,1553,3481,acetylcholine,hDeltaL
20818,156,136,2390,2350,acetylcholine,PEN_a(PEN1)
20883,159,174,2320,1737,gaba,ER2_c
20906,451,292,2270,1050,glutamate,FB2F_a
20925,321,432,1930,1655,glutamate,FB6M
20945,168,182,2255,1862,gaba,ER2_c
20951,199,308,1053,1822,acetylcholine,hDeltaC
20969,218,269,1448,3489,acetylcholine,hDeltaE
20980,149,137,2504,1978,gaba,ER4d
20997,369,202,1364,991,glutamate,FB2I_a
21018,189,328,1532,3943,acetylcholine,hDeltaA
21033,304,364,1290,1210,gaba,AVLP760m
21053,506,544,2180,2278,glutamate,FB5AA
21059,195,185,1873,1464,gaba,ER2_d
21144,229,280,598,744,acetylcholine,PVLP203m
21179,203,203,2039,1691,gaba,ER2_a
21204,309,304,1441,1252,glutamate,FB4D_a
21229,253,276,1836,2623,acetylcholine,hDeltaD
21231,250,380,1419,1334,glutamate,PPM1204
21277,197,189,2099,1546,gaba,ER2_a
21345,91,96,1040,994,acetylcholine,PFNd
21449,169,173,2311,1588,gaba,ER2_c
21519,519,529,1450,2380,dopamine,FB2A
21561,287,342,1108,1348,acetylcholine,
21645,203,195,1947,1659,gaba,ER2_a
21664,177,136,1587,1437,gaba,ER3d_e
21692,1405,908,3540,6636,serotonin,SIP087
21700,369,293,1653,1317,glutamate,FB4R
21719,335,288,3259,2156,glutamate,LAL008
21752,173,183,2323,1733,gaba,ER2_c
21785,227,138,1226,926,glutamate,FB1D
21849,300,369,1969,2342,acetylcholine,LAL155
21882,192,196,2052,1599,gaba,ER2_a
21907,424,441,2497,2197,acetylcholine,AVLP728m
21911,426,474,2822,2898,glutamate,FB2D
21932,156,124,1770,2308,acetylcholine,PEN_b(PEN2)
22001,118,72,1957,1190,gaba,ER5
22083,514,498,3267,2087,glutamate,FB4K
22084,348,362,1924,4638,octopamine,EL
22086,266,163,4348,2907,acetylcholine,hDeltaB
22103,299,282,1540,1472,glutamate,FB7H
22172,231,170,988,447,gaba,WED014
22240,177,143,2272,2247,acetylcholine,PEN_b(PEN2)
22291,467,506,2033,2306,glutamate,FB6V
22302,183,326,1416,2771,acetylcholine,hDeltaM
22343,386,354,1869,927,glutamate,FB2G_b
22446,204,361,1834,3693,acetylcholine,hDeltaH
22461,157,158,2550,2398,gaba,ER4d
22521,399,397,1707,1502,glutamate,FB5N
22644,145,114,1487,1399,gaba,ER3d_a
22657,99,275,627,1698,serotonin,PFGs
22683,200,361,1314,3229,acetylcholine,hDeltaM
22700,369,300,2689,1219,glutamate,FB4Q_a
22721,448,294,2144,825,glutamate,FB2I_b
22766,332,292,2030,1606,glutamate,FB6Z
22835,98,89,1370,1608,acetylcholine,PFNd
22838,223,376,1910,3648,acetylcholine,hDeltaH
22844,182,269,762,1061,glutamate,FB8I
22884,884,662,7557,2938,glutamate,ExR5
22923,207,343,1940,3500,acetylcholine,hDeltaM
22932,172,291,785,2248,gaba,VES095
22963,175,287,684,1524,gaba,SAD075
23071,200,271,1405,3411,acetylcholine,hDeltaE
23080,171,158,2592,2090,gaba,ER4d
23083,25,128,139,822,serotonin,hDeltaK
23090,212,155,2892,2412,acetylcholine,hDeltaB
23097,209,199,2209,1636,gaba,ER2_a
23159,174,374,1460,2897,acetylcholine,PFL3
23163,77,89,1122,900,gaba,ER3a_a
23180,93,249,727,1698,serotonin,PFGs
23197,166,154,2495,2037,gaba,ER4d
23231,154,297,680,2032,acetylcholine,hDeltaC
23232,377,291,1869,1349,glutamate,FB4D_c
23273,203,148,1934,2220,acetylcholine,PEN_b(PEN2)
23281,887,686,7595,2800,glutamate,ExR5
23315,154,159,2374,2413,gaba,ER4d
23319,243,216,1006,598,gaba,ICL008m
23325,66,157,4471,2606,unclear,GLNO
23359,37,126,349,749,serotonin,hDeltaK
23381,224,260,2063,2772,acetylcholine,hDeltaD
23419,294,254,837,749,gaba,FB3C
23461,141,77,1123,1036,acetylcholine,PFNa
23473,234,308,1182,1123,glutamate,FB5V_a
23520,163,142,2367,2177,gaba,ER4d
23565,380,216,1612,790,glutamate,FB2E
23596,392,427,1806,2184,glutamate,FB7I
23601,830,986,3380,5547,serotonin,FB4Y
23619,168,129,1443,1857,acetylcholine,PEN_b(PEN2)
23630,178,306,1163,2271,acetylcholine,hDeltaC
23643,236,197,775,668,acetylcholine,FC3_c
23654,194,256,2220,1831,acetylcholine,LAL162
23680,252,308,885,1564,glutamate,SIP141m
23703,154,192,904,768,gaba,ER1_b
23779,106,279,764,1709,serotonin,PFGs
23794,301,306,1280,1029,acetylcholine,AVLP738m
23800,251,387,1409,1446,glutamate,FB6M
23812,347,395,1861,1457,glutamate,FB4F_a
23846,592,748,3806,5768,glutamate,FB4N
23858,36,128,246,703,serotonin,hDeltaK
23859,75,91,821,767,gaba,ER3a_d
23874,153,145,2314,2009,gaba,ER4d
23986,217,269,1805,2357,acetylcholine,hDeltaD
24051,299,315,1091,1447,glutamate,FB1J
24076,147,142,2376,1931,gaba,ER4d
24088,339,273,1674,1185,unclear,FB4D_c
24093,202,187,1600,1267,gaba,ER3w_a
24122,159,158,2200,2191,gaba,ER4d
24153,34,155,323,948,serotonin,hDeltaK
24291,548,339,2857,1513,glutamate,FB4O
24314,34,114,285,679,serotonin,hDeltaK
24373,131,297,833,1934,gaba,VES096
24380,211,143,989,675,glutamate,FB1D
24382,187,135,1626,2197,acetylcholine,PEN_b(PEN2)
24387,273,265,1764,4317,acetylcholine,hDeltaF
24399,104,204,3339,2927,unclear,LNO1
24436,395,391,2235,1710,glutamate,FB5Y_a
24459,153,147,2502,2126,gaba,ER4d
24504,334,461,1328,1958,acetylcholine,CB3302
24549,131,110,1579,1187,gaba,ER3w_c
24567,231,192,1625,920,glutamate,FB7A
24671,38,145,342,933,serotonin,hDeltaK
24683,135,71,1232,896,acetylcholine,PFNv
24821,431,396,2065,1601,glutamate,FB5Y_b
24879,153,136,2563,1912,gaba,ER4d
24933,455,487,3152,3072,glutamate,FB2D
24963,38,141,310,803,serotonin,hDeltaK
25024,42,141,274,938,serotonin,hDeltaK
25036,43,110,303,707,serotonin,hDeltaK
25045,61,263,670,1981,acetylcholine,FR1
25131,364,315,2307,1163,glutamate,FB2M_a
25137,33,137,356,917,serotonin,hDeltaK
25176,42,153,357,931,serotonin,hDeltaK
25184,140,106,1162,1594,acetylcholine,PEN_b(PEN2)
25194,121,81,543,445,acetylcholine,PFNa
25203,126,122,1562,1253,gaba,ER3w_c
25210,155,356,1580,3713,acetylcholine,hDeltaH
25297,167,186,1560,1258,gaba,ER3w_a
25318,496,577,2081,2197,glutamate,FB5C
25328,360,358,1765,1260,glutamate,FB4F_b
25329,144,109,1458,1376,gaba,ER3d_c
25334,328,265,2029,1358,glutamate,FB6Z
25359,119,90,1452,1006,gaba,ER3p_a
25371,418,315,3507,1701,glutamate,FB6G
25447,133,127,1600,1278,gaba,ER3w_c
25473,254,333,1214,1285,glutamate,SIP118m
25494,148,131,1576,1393,gaba,ER3d_e
25501,129,105,1480,1090,gaba,ER3w_b
25509,386,266,1722,854,glutamate,FB2J_b
25529,543,532,1781,2760,dopamine,FB2A
25530,354,278,2226,940,glutamate,FB2F_a
25549,213,269,1407,1636,acetylcholine,PFR_b
25554,356,313,1811,1052,glutamate,FB4F_c
25709,172,182,2256,1697,gaba,ER2_c
25713,364,395,3098,2415,glutamate,FB5K
25763,397,353,1420,1317,glutamate,FB5N
25773,177,91,1561,1246,acetylcholine,PFNv
25792,142,147,1710,1702,acetylcholine,PEN_a(PEN1)
25797,160,152,2421,2198,gaba,ER4d
25808,191,317,1002,2089,acetylcholine,hDeltaC
25841,115,111,1457,1254,gaba,ER3w_b
25939,48,156,4513,2072,unclear,GLNO
25948,276,247,1565,1249,glutamate,FB7L
25955,241,540,936,2180,acetylcholine,CB3433
25982,76,86,950,1112,acetylcholine,PFNd
26038,147,338,1109,2578,acetylcholine,PFL3
26064,27,119,234,746,serotonin,hDeltaK
26065,358,275,1518,952,glutamate,FB4R
26136,202,195,1851,1329,gaba,ER2_b
26242,49,124,391,810,serotonin,hDeltaK
26255,248,304,1190,1366,acetylcholine,VES204m
26287,687,771,4826,5309,glutamate,FB4C
26295,149,114,1455,1223,gaba,ER3m
26316,333,354,1207,969,gaba,FB3E
26343,293,435,1250,1485,acetylcholine,CL062_b3
26417,179,122,1618,1788,acetylcholine,PEN_b(PEN2)
26429,33,117,375,683,serotonin,hDeltaK
26439,265,276,2105,4907,acetylcholine,hDeltaF
26443,98,97,1077,1246,acetylcholine,PEG
26488,156,327,1337,2072,acetylcholine,PFL3
26544,353,329,1816,1247,acetylcholine,AVLP306
26665,426,519,4974,3278,glutamate,FB4H
26666,405,356,1452,1310,glutamate,FB5N
26673,115,111,1364,1176,gaba,ER3w_b
26718,243,316,1352,1109,glutamate,FB4F_c
26739,126,105,1460,1326,acetylcholine,PFNd
26794,383,353,2081,947,glutamate,FB2F_b
26798,146,184,1116,907,gaba,ER1_a
26841,104,93,1192,1402,gaba,ER3a_a
26843,117,111,1350,1145,gaba,ER3w_b
26913,84,83,1128,1210,acetylcholine,PFNd
26939,153,107,1444,1280,gaba,ER3m
26962,193,226,936,1352,acetylcholine,hDeltaJ
27013,148,112,1346,1151,gaba,ER3m
27037,209,458,888,2136,acetylcholine,AVLP178
27043,122,125,1558,1227,gaba,ER3w_c
27052,125,96,1464,1335,gaba,ER3d_d
27106,35,139,313,902,serotonin,hDeltaK
27109,235,147,3028,2453,acetylcholine,hDeltaB
27119,329,351,1773,1300,glutamate,FB4I
27133,43,126,388,828,serotonin,hDeltaK
27179,134,84,1270,1184,acetylcholine,PFNv
27191,165,84,1584,1282,acetylcholine,PFNv
27195,210,353,1689,3180,acetylcholine,hDeltaM
27210,291,311,1514,1299,glutamate,FB4D_a
27213,127,89,1764,1672,acetylcholine,PFNd
27246,119,91,1375,1346,gaba,ER3d_d
27269,136,113,1511,1401,gaba,ER3d_c
27296,126,131,1507,1822,acetylcholine,PEN_a(PEN1)
27326,189,229,893,1417,acetylcholine,hDeltaJ
27348,124,108,1258,1302,gaba,ER3m
27422,424,398,2118,1557,glutamate,FB5Y_a
27425,38,136,347,844,serotonin,hDeltaK
27430,481,461,2150,2424,glutamate,FB6U
27454,129,105,1416,1373,gaba,ER3d_c
27460,114,99,1433,1360,acetylcholine,PFNd
27492,142,327,981,2487,acetylcholine,PFL2
27502,147,121,426,448,acetylcholine,FC1E
27618,109,87,1512,1378,acetylcholine,PFNd
27655,149,212,655,1005,acetylcholine,hDeltaJ
27698,385,366,1953,2191,unclear,FB7B
27736,528,268,2260,871,glutamate,FB2H_a
27761,322,343,1193,919,glutamate,FB2L
27770,112,104,1381,1080,gaba,ER3w_b
27806,135,82,1415,1027,gaba,ER3p_a
27850,118,110,1445,1023,gaba,ER3w_b
27864,369,258,2090,804,glutamate,FB2J_c
27903,118,93,1307,1225,gaba,ER3d_d
27926,179,240,947,1406,acetylcholine,hDeltaJ
27985,172,120,547,443,acetylcholine,PFNp_c
28074,130,220,534,1061,acetylcholine,hDeltaJ
28146,314,255,927,1850,serotonin,PFR_a
28190,136,70,1523,1143,acetylcholine,PFNv
28248,144,277,999,1983,serotonin,PFGs
28254,126,75,1103,1174,acetylcholine,PFNv
28258,189,314,1541,3254,acetylcholine,hDeltaG
28286,503,264,2223,1013,glutamate,FB4O
28339,149,136,2446,2073,gaba,ER4d
28346,241,150,1176,927,glutamate,FB1E_b
28364,440,472,4376,3438,glutamate,FB5I
28418,214,297,1806,3476,acetylcholine,hDeltaL
28421,208,193,913,623,glutamate,FB8H
28430,109,89,1195,1176,gaba,ER3m
28468,226,218,1190,1097,glutamate,FB8H
28559,161,85,1619,1166,acetylcholine,PFNv
28582,195,291,1542,4001,acetylcholine,hDeltaE
28619,387,239,1662,900,glutamate,FB2E
28627,140,106,1385,1281,gaba,ER3m
28675,126,378,548,1663,gaba,CRE044
28701,144,92,1185,1043,gaba,ER3d_b
28709,197,213,831,849,glutamate,SAD047
28767,102,260,833,1783,serotonin,PFGs
28782,30,133,271,787,serotonin,hDeltaK
28791,165,105,1445,1551,acetylcholine,PEN_b(PEN2)
29016,274,200,789,632,glutamate,FB1B
29043,368,312,1693,789,acetylcholine,pC1_7a
29044,136,94,1172,1001,acetylcholine,PFNa
29046,125,92,1358,1392,gaba,ER3d_b
29111,255,156,1297,780,glutamate,FB1E_b
29135,156,116,1254,1551,acetylcholine,PEN_b(PEN2)
29152,363,307,2662,1314,glutamate,FB4Q_a
29177,116,76,1214,1324,gaba,ER3d_b
29214,169,219,1328,966,acetylcholine,pC1_14a
29261,107,92,965,889,acetylcholine,PFNd
29270,265,187,887,631,glutamate,FB1A
29291,353,309,1935,947,glutamate,FB2M_b
29403,126,70,818,751,acetylcholine,PFNa
29493,158,89,1718,1364,acetylcholine,PFNv
29537,430,285,2493,2337,unclear,FB2B_a
29545,109,107,1423,1040,gaba,ER3w_b
29582,429,533,1817,2012,glutamate,FB5C
29648,31,132,268,791,serotonin,hDeltaK
29674,159,335,770,2337,acetylcholine,FC2A
29701,176,229,916,1354,acetylcholine,hDeltaJ
29711,129,141,1121,1095,gaba,ER3a_b
29713,314,353,1390,2809,octopamine,EL
29791,129,71,1203,994,gaba,ER3d_b
29836,162,328,1347,2654,acetylcholine,PFL3
29842,108,90,1237,1288,gaba,ER3m
29973,301,454,1270,1612,acetylcholine,CL208
29978,271,204,1565,898,glutamate,FB7L
30068,198,330,1596,4323,acetylcholine,hDeltaA
30122,288,272,2103,4700,acetylcholine,hDeltaF
30171,109,99,1198,990,gaba,ER3a_a
30178,131,82,1362,1157,gaba,ER3d_b
30181,239,270,1362,1648,acetylcholine,PFR_b
30190,87,163,500,872,acetylcholine,vDeltaI_a
30206,118,70,1993,1201,gaba,ER5
30225,424,398,2075,1568,glutamate,FB5Y_b
30234,110,100,1612,1360,acetylcholine,PFNd
30256,247,156,1278,609,glutamate,FB1E_a
30264,218,192,1366,777,glutamate,FB8H
30310,179,117,1563,1642,acetylcholine,PEN_b(PEN2)
30313,138,68,1504,1225,acetylcholine,PFNv
30329,184,351,1366,3011,acetylcholine,hDeltaM
30341,214,199,1394,1050,glutamate,FB8B
30371,184,246,967,1054,gaba,ER1_a
30405,335,246,1057,762,gaba,FB3C
30443,137,171,999,1087,gaba,ER3a_c
30522,123,91,1211,1083,gaba,ER3d_b
30541,531,513,3169,2813,glutamate,FB2D
30592,121,81,1305,1287,gaba,ER3d_b
30602,273,234,1247,696,glutamate,FB8H
30653,103,285,814,2015,serotonin,PFGs
30674,135,103,1413,1342,gaba,ER3d_b
30773,407,196,1643,906,glutamate,FB2E
30781,98,91,1387,1433,acetylcholine,PFNd
30805,169,289,1607,3352,acetylcholine,hDeltaL
30807,142,110,1268,1517,acetylcholine,PEN_b(PEN2)
30860,382,218,1459,1015,glutamate,FB2I_a
30927,414,444,1865,1662,glutamate,FB4P_a
30968,110,94,1571,1469,acetylcholine,PFNd
31022,303,296,1631,1143,glutamate,FB6U
31051,124,91,1109,1085,gaba,ER3m
31073,342,316,1813,893,glutamate,FB2F_b
31088,117,82,1444,987,gaba,ER3p_a
31121,182,194,1008,982,gaba,ER3a_c
31263,110,77,1350,1256,gaba,ER3d_b
31336,302,227,991,1063,glutamate,FB2I_a
31499,238,194,789,752,acetylcholine,FC3_c
31541,127,102,1395,1298,gaba,ER3d_d
31585,159,250,1077,1517,glutamate,FB7J
31627,206,276,1065,1672,acetylcholine,PFR_b
31656,226,136,2866,2196,acetylcholine,hDeltaB
31681,168,240,982,947,gaba,ER1_a
31684,143,106,1559,1486,gaba,ER3d_a
31713,61,78,249,322,unclear,vDeltaM
31715,211,266,1688,3517,acetylcholine,hDeltaE
31735,144,175,1048,868,gaba,ER1_a
31756,123,99,1467,1447,acetylcholine,PFNd
31786,229,265,1398,1534,acetylcholine,PFR_b
31860,317,363,1413,1395,unclear,FB6K
31911,335,343,1561,1263,glutamate,FB4F_c
31970,104,110,1137,945,gaba,ER3a_d
32051,235,253,1913,2640,acetylcholine,hDeltaD
32055,493,276,2201,877,glutamate,FB2H_a
32122,198,304,942,1969,acetylcholine,hDeltaC
32258,178,120,1488,1798,acetylcholine,PEN_b(PEN2)
32300,139,87,1137,958,acetylcholine,PFNa
32315,150,178,1088,846,gaba,ER1_a
32338,103,109,669,498,acetylcholine,IbSpsP
32393,87,154,736,842,acetylcholine,IbSpsP
32432,194,327,1065,2123,acetylcholine,hDeltaC
32451,267,223,784,1503,serotonin,PFR_a
32520,96,70,578,664,acetylcholine,PFNa
32571,285,213,1512,606,glutamate,FB1E_a
32675,235,138,2802,2156,acetylcholine,hDeltaB
32699,378,220,2028,714,glutamate,FB2J_b
32718,230,146,2844,2279,acetylcholine,hDeltaB
32743,271,304,999,1103,glutamate,FB5V_b
32805,444,275,2600,2263,unclear,FB2B_a
32810,509,272,2398,894,glutamate,FB2I_b
32976,226,300,1215,1005,glutamate,FB7E
33033,295,422,1027,1964,glutamate,SIP119m
33075,382,335,2977,2128,glutamate,LAL008
33125,360,312,2034,924,glutamate,FB2G_a
33191,219,302,970,1270,glutamate,FB4A_b
33204,248,129,1286,544,glutamate,FB1E_a
33293,261,214,702,1564,serotonin,PFR_a
33298,234,267,1249,1348,acetylcholine,PFR_b
33307,131,82,1010,1106,acetylcholine,PFNv
33325,108,101,1333,1320,acetylcholine,PFNd
33356,167,273,705,1732,acetylcholine,FC2B
33382,178,312,780,2268,acetylcholine,FC2A
33410,174,318,995,2178,acetylcholine,hDeltaC
33552,255,216,689,1367,serotonin,PFR_a
33589,132,80,1241,1146,gaba,ER3d_b
33598,250,258,1365,1430,acetylcholine,PFR_b
33911,101,103,1003,779,gaba,ER3a_b
33919,263,351,1680,1512,glutamate,FB5X
34011,416,337,1635,1641,glutamate,FB2B_b
34019,136,131,406,395,acetylcholine,FC1D
34038,118,79,1303,1273,gaba,ER3d_b
34085,144,73,1109,1003,acetylcholine,PFNa
34106,266,232,706,606,gaba,FB3C
34188,332,345,1639,4229,octopamine,EL
34203,154,232,682,1295,acetylcholine,FC2B
34226,108,92,1431,1263,acetylcholine,PFNd
34239,73,102,1081,1054,gaba,ER3a_a
34392,66,133,622,1009,glutamate,SpsP
34607,182,188,1778,1034,gaba,ER4d
34610,225,327,922,1468,acetylcholine,SMP713m
34652,144,170,1018,915,gaba,ER1_b
34737,102,112,1133,834,gaba,ER3a_b
34750,219,253,1701,2450,acetylcholine,hDeltaD
34802,151,105,592,744,acetylcholine,FC1B
34900,201,385,2981,3533,glutamate,LCNOp
34909,458,532,1844,2348,glutamate,FB4P_a
34922,118,121,1012,913,gaba,ER3a_b
34924,226,133,2830,2212,acetylcholine,hDeltaB
34949,138,124,1559,1695,acetylcholine,PEN_a(PEN1)
34972,211,197,1319,1038,glutamate,FB8B
35013,154,142,669,703,acetylcholine,PFNm_b
35018,138,86,613,652,acetylcholine,FC1B
35088,277,271,680,663,gaba,FB3C
35129,421,295,2468,1114,glutamate,FB2F_a
35267,365,361,2380,1308,glutamate,FB2M_b
35277,185,319,705,2053,acetylcholine,FC2B
35293,517,492,1538,2402,dopamine,FB2A
35322,164,325,1322,2116,acetylcholine,PFL3
35324,168,132,1488,1190,glutamate,Delta7
35422,212,151,836,383,glutamate,FB8H
35429,162,234,740,1230,acetylcholine,hDeltaJ
35450,401,301,1962,1376,glutamate,FB4J
35461,127,95,1801,1547,acetylcholine,PFNd
35545,91,81,1120,960,gaba,ER3a_a
35588,69,98,705,681,glutamate,SpsP
35641,134,111,1574,1448,gaba,ER3d_c
35738,155,102,561,570,acetylcholine,FC1B
35743,129,126,1650,1574,acetylcholine,PEN_a(PEN1)
35794,108,92,1044,924,acetylcholine,PFNd
35865,103,76,469,481,acetylcholine,PFNa
35912,146,276,833,2004,serotonin,PFGs
35978,139,191,964,875,gaba,ER1_b
36059,38,159,349,1021,serotonin,hDeltaK
36201,175,303,990,2005,acetylcholine,FC2A
36205,136,210,553,935,acetylcholine,hDeltaJ
36227,183,136,748,774,acetylcholine,FC1A
36235,127,153,945,715,gaba,ER1_c
36327,94,82,1115,905,gaba,ER3a_a
36384,142,171,854,810,gaba,ER1_b
36423,395,436,1034,2153,dopamine,FB4L
36454,133,78,899,902,acetylcholine,PFNa
36470,384,282,1833,1247,glutamate,FB4J
36524,200,202,2084,1577,gaba,ER2_a
36730,150,162,825,852,gaba,ER1_b
36785,342,404,1772,1753,glutamate,FB5X
36928,96,106,1021,856,gaba,ER3a_b
37003,395,314,1931,885,glutamate,FB2F_d
37004,139,135,333,512,acetylcholine,FC1C_a
37058,144,154,894,829,gaba,ER1_b
37105,142,173,954,953,gaba,ER1_b
37142,134,124,1457,1480,acetylcholine,PEN_a(PEN1)
37437,164,123,1433,1496,gaba,ER3d_e
37540,187,284,1117,720,glutamate,FB6Y
37640,306,242,1977,759,glutamate,FB2J_a
37700,248,312,760,1417,glutamate,SIP146m
37710,93,127,492,655,acetylcholine,IbSpsP
37751,116,103,1336,1347,acetylcholine,PFNd
37758,146,126,1526,1490,gaba,ER3d_a
37817,171,134,1717,1494,gaba,ER3d_e
38001,82,90,1185,890,gaba,ER3a_d
38084,192,140,1485,1366,gaba,ER3m
38182,357,341,3212,1455,glutamate,FB4P_b
38268,151,179,1053,936,gaba,ER1_b
38306,147,118,1519,1455,gaba,ER3d_a
38334,123,106,1581,1375,acetylcholine,PFNd
38454,356,427,1170,1667,gaba,AVLP462
38526,402,370,1834,1268,glutamate,FB4F_a
38706,499,336,2034,2860,dopamine,ExR2
38832,164,131,518,459,acetylcholine,FC3_c
38835,74,240,771,1857,unclear,FR1
39091,451,513,1783,2040,glutamate,FB4P_a
39095,137,172,987,829,gaba,ER1_a
39233,372,351,1746,1421,glutamate,FB7L
39333,217,317,783,1478,glutamate,SIP143m
39385,211,329,1039,1933,acetylcholine,hDeltaC
39413,92,112,1015,1211,acetylcholine,PEG
39465,518,516,2334,2059,glutamate,FB5E
39503,148,94,1379,947,gaba,ER3p_a
39538,222,320,1133,2229,acetylcholine,FC2A
39567,138,161,927,1117,acetylcholine,PFL1
39690,157,300,1495,3561,acetylcholine,hDeltaE
39753,105,100,1098,1124,acetylcholine,PEG
39798,119,60,2150,1305,gaba,ER5
39813,168,129,1964,2121,acetylcholine,PEN_b(PEN2)
39875,116,173,391,734,acetylcholine,vDeltaC
39879,92,99,588,495,acetylcholine,IbSpsP
39883,246,299,2309,4852,acetylcholine,hDeltaF
39970,198,328,921,2039,acetylcholine,hDeltaC
39984,99,136,531,649,acetylcholine,IbSpsP
40037,100,84,897,866,acetylcholine,PFNd
40069,101,101,891,939,acetylcholine,PFNd
40179,174,302,850,1709,acetylcholine,FC2A
40213,140,168,862,788,gaba,ER1_b
40390,164,138,2126,2186,acetylcholine,PEN_b(PEN2)
40458,258,356,1208,1259,glutamate,FB7E
40558,130,94,1353,1390,gaba,ER3d_b
40565,31,117,291,812,serotonin,hDeltaK
40768,99,105,789,837,acetylcholine,EPGt
40802,264,383,1395,1263,glutamate,FB6K
41052,124,70,1002,1041,acetylcholine,PFNa
41277,177,273,961,1458,acetylcholine,hDeltaJ
41331,332,373,1826,1411,glutamate,FB5G_a
41385,111,197,226,650,acetylcholine,FS2
41544,281,249,1284,869,glutamate,FB4R
41554,192,276,1017,814,glutamate,FB5P
41556,128,74,758,794,acetylcholine,PFNa
41559,169,278,772,1621,acetylcholine,FC2A
41665,174,214,1200,1132,gaba,ER3a_c
41715,33,146,317,903,serotonin,hDeltaK
41743,47,122,319,720,serotonin,hDeltaK
41849,100,88,1424,1467,acetylcholine,PFNd
41908,87,88,1085,862,gaba,ER3a_a
41941,160,245,564,1028,acetylcholine,FC2C
42037,200,270,1036,734,glutamate,FB6Y
42059,97,80,975,1090,acetylcholine,PEG
42118,195,178,479,694,acetylcholine,FC3_b
42231,199,309,1223,2804,acetylcholine,hDeltaI
42241,139,159,855,775,gaba,ER1_b
42264,147,122,1506,1437,gaba,ER3d_e
42267,100,80,956,933,acetylcholine,PFNd
42332,50,91,565,528,acetylcholine,IbSpsP
42392,123,83,650,692,acetylcholine,PFNa
42440,202,360,1798,3493,acetylcholine,hDeltaG
42509,143,183,973,799,gaba,ER1_a
42515,73,93,450,548,acetylcholine,IbSpsP
42734,62,106,703,576,acetylcholine,IbSpsP
42736,204,180,671,518,acetylcholine,FC3_a
42739,237,129,2716,2103,acetylcholine,hDeltaB
42750,101,94,996,1022,acetylcholine,PFNd
42793,299,300,1586,1062,glutamate,FB4I
42835,123,110,1005,937,acetylcholine,PFNd
42975,188,330,1441,3936,acetylcholine,hDeltaA
43028,271,201,871,576,unclear,FB3C
43039,130,100,1571,1480,gaba,ER3d_d
43040,442,297,2349,2391,unclear,FB2B_a
43127,95,82,1191,1309,acetylcholine,PFNd
43161,204,322,1202,2009,acetylcholine,hDeltaC
43191,289,245,820,626,unclear,FB3C
43212,148,115,1509,1610,gaba,ER3d_a
43681,98,175,445,805,acetylcholine,vDeltaG
43683,152,163,1573,1340,gaba,ER3w_a
43756,761,734,3851,5026,dopamine,FB4M
43814,164,97,489,483,acetylcholine,FC1B
43866,127,142,724,624,acetylcholine,IbSpsP
43881,251,221,667,1399,serotonin,PFR_a
43909,127,279,693,916,glutamate,FB5V_c
43928,154,104,514,698,acetylcholine,FC1F
43949,299,294,1019,886,gaba,FB3E
44004,356,350,1970,1020,glutamate,FB2G_b
44010,121,112,1271,1130,gaba,ER3w_b
44056,82,190,204,456,acetylcholine,FS1A_a
44127,119,97,1416,1287,gaba,ER3d_d
44152,129,80,664,574,acetylcholine,PFNa
44256,102,271,489,1735,serotonin,PFGs
44422,120,92,1114,1113,gaba,ER3m
44554,180,323,596,1722,acetylcholine,FC2B
44669,98,57,824,696,acetylcholine,PFNv
44814,140,105,1429,1245,gaba,ER3m
44830,146,122,1509,1429,gaba,ER3d_e
44861,438,585,2684,3925,acetylcholine,CL199
44903,792,722,3917,4766,dopamine,FB4M
44909,114,65,1856,1113,gaba,ER5
44990,91,147,256,338,acetylcholine,FS1B_b
45024,855,767,1902,3259,dopamine,FB1C
45134,153,100,1305,988,gaba,ER3p_b
45151,235,277,1512,3503,acetylcholine,hDeltaF
45155,201,268,1765,4282,acetylcholine,hDeltaE
45282,199,145,592,656,acetylcholine,PFNp_c
45343,168,254,550,1144,acetylcholine,FC2C
45398,132,89,742,821,acetylcholine,PFNa
45427,344,367,2095,4345,octopamine,EL
45483,318,230,931,579,unclear,FB3C
45633,638,967,5733,5301,acetylcholine,SMP493
45730,84,94,495,505,acetylcholine,IbSpsP
45789,187,164,939,532,acetylcholine,FC3_a
45839,129,88,1280,1135,gaba,ER3d_b
45876,165,290,839,1720,acetylcholine,FC2A
45969,87,65,947,993,acetylcholine,PEG
46008,372,286,3391,1400,glutamate,FB4P_b
46073,358,368,1823,4412,octopamine,EL
46089,124,87,1416,900,gaba,ER3p_a
46169,146,259,670,1438,acetylcholine,FC2A
46185,238,183,908,621,glutamate,FB8H
46209,236,180,877,545,acetylcholine,FC3_b
46242,153,169,1527,1407,gaba,ER3w_a
46262,146,83,1270,959,gaba,ER3d_b
46341,132,119,1442,1088,gaba,ER3w_b
46358,133,68,835,727,acetylcholine,PFNv
46369,308,283,1212,1170,glutamate,FB7G
46383,371,249,2148,856,glutamate,FB2J_c
46480,359,185,1136,336,glutamate,FB2F_c
46571,424,283,3217,1307,glutamate,FB6C_b
46590,97,77,893,886,acetylcholine,PFNd
46603,98,231,239,620,acetylcholine,FS1A_c
46636,206,246,773,1033,glutamate,FB8I
46657,306,309,1504,1100,glutamate,FB4D_b
46707,181,178,1541,1379,gaba,ER3w_a
46764,338,395,1729,4486,octopamine,EL
46809,381,333,2500,1058,glutamate,FB2M_a
46943,281,277,1526,979,glutamate,FB7I
47036,161,131,1663,1568,gaba,ER3d_a
47136,75,152,241,485,acetylcholine,vDeltaK
47186,174,130,1414,1189,gaba,ER3m
47194,121,76,631,688,acetylcholine,PFNa
47262,161,250,1023,1457,glutamate,FB7J
47271,134,74,1444,878,gaba,ER3p_a
47348,149,273,626,1297,acetylcholine,hDeltaJ
47369,128,66,939,820,acetylcholine,PFNv
47464,137,105,1502,1390,gaba,ER3d_d
47528,97,96,928,919,acetylcholine,PFNd
47546,365,412,1848,1484,glutamate,FB5O
47619,127,90,964,820,acetylcholine,PFNa
47687,122,68,655,643,acetylcholine,PFNa
47796,137,92,610,659,acetylcholine,FC1A
47850,501,542,2190,2186,glutamate,FB5D
47852,169,222,887,515,acetylcholine,CRE065
47859,140,110,1542,1394,gaba,ER3d_c
47995,235,220,1395,905,glutamate,FB8G
47996,186,144,771,394,acetylcholine,FC3_b
48096,130,92,1321,908,gaba,ER3p_a
48248,186,112,750,732,acetylcholine,FC1A
48277,170,137,444,589,acetylcholine,FC1F
48291,113,102,1468,1048,gaba,ER3w_b
48318,135,101,1213,1341,gaba,ER3d_c
48335,228,368,1260,1114,glutamate,FB5M
48362,195,199,609,648,gaba,CB3394
48421,398,451,1986,1786,glutamate,FB5F
48491,63,234,891,1769,unclear,FR1
48524,159,106,659,683,acetylcholine,FC1A
48556,134,98,474,475,acetylcholine,FC1D
48558,337,232,1141,1149,glutamate,FB2I_a
48583,249,208,801,819,acetylcholine,FC3_a
48642,216,377,1704,3504,acetylcholine,hDeltaG
48667,142,70,1234,1163,acetylcholine,PFNv
48713,207,288,1624,3178,acetylcholine,hDeltaL
48956,117,79,1296,1270,gaba,ER3d_b
49002,125,84,1325,952,gaba,ER3p_a
49053,110,140,432,599,acetylcholine,vDeltaF
49288,283,232,818,1598,serotonin,PFR_a
49378,133,119,1508,1459,gaba,ER3d_c
49618,163,252,787,798,glutamate,FB6Q
49627,70,82,600,439,acetylcholine,IbSpsP
49630,115,65,745,676,acetylcholine,PFNv
49839,131,59,851,680,acetylcholine,PFNv
49869,143,85,1207,953,gaba,ER3p_b
49952,231,379,1654,3263,acetylcholine,hDeltaG
50007,126,79,1332,933,gaba,ER3p_a
50327,200,313,1063,2675,acetylcholine,hDeltaI
50431,140,262,474,1134,acetylcholine,FC2C
50461,154,254,637,1429,acetylcholine,FC2B
50687,141,170,623,771,acetylcholine,vDeltaG
50694,119,99,1438,1048,gaba,ER3w_b
50808,148,135,2551,2117,gaba,ER4d
50885,147,271,578,1340,acetylcholine,FC2C
50888,171,175,2396,1907,gaba,ER2_c
50891,165,111,310,259,acetylcholine,FC3_a
50905,150,102,451,357,acetylcholine,FC1E
50952,80,109,495,624,acetylcholine,IbSpsP
50984,183,136,515,600,acetylcholine,PFNm_a
51159,365,370,1953,4396,octopamine,EL
51365,174,123,520,564,acetylcholine,PFNp_c
51382,119,94,1414,1292,gaba,ER3d_b
51458,170,249,796,1401,acetylcholine,hDeltaJ
51509,172,142,526,557,acetylcholine,PFNp_c
51519,142,124,399,475,acetylcholine,FC1E
51555,336,352,1528,3199,octopamine,EL
51611,215,163,836,414,acetylcholine,FC3_b
51619,131,84,841,695,acetylcholine,PFNa
51622,184,134,679,695,acetylcholine,PFNm_a
51759,87,101,481,492,acetylcholine,IbSpsP
51782,206,265,685,1145,acetylcholine,FC2C
51844,237,236,726,673,glutamate,FB1A
51891,119,265,622,885,glutamate,FB6T
52027,209,171,843,579,acetylcholine,FC3_a
52041,87,241,680,1513,serotonin,PFGs
52191,28,117,247,707,serotonin,hDeltaK
52253,506,342,1957,1537,glutamate,FB2B_b
52304,130,161,527,744,acetylcholine,vDeltaF
52397,221,239,785,783,glutamate,FB8I
52427,181,117,716,728,acetylcholine,FC1A
52579,198,309,1476,3256,acetylcholine,hDeltaL
52647,118,81,560,600,acetylcholine,PFNa
52649,239,184,822,585,acetylcholine,FC3_a
52728,282,348,1272,1002,glutamate,FB5M
52756,154,195,995,1067,glutamate,FB8C
52798,212,296,1786,3748,acetylcholine,hDeltaL
52832,149,115,1506,1301,gaba,ER3m
52846,117,86,586,536,acetylcholine,PFNa
52903,147,119,1148,1006,acetylcholine,PFNd
52966,221,194,737,752,acetylcholine,FC3_a
53043,114,96,1413,1315,acetylcholine,PFNd
53086,133,137,1616,1655,acetylcholine,PEN_a(PEN1)
53101,194,221,794,842,acetylcholine,CB1187
53176,119,85,604,640,acetylcholine,PFNa
53352,156,117,603,458,acetylcholine,FC1D
53355,326,281,1848,1072,acetylcholine,pC1_7a
53467,177,299,1002,926,glutamate,FB5P
53618,150,97,1155,1040,gaba,ER3p_b
53675,154,159,440,571,glutamate,SA3
53743,389,336,1645,1325,glutamate,FB7L
53745,128,81,1222,905,gaba,ER3p_a
53755,285,225,790,1423,serotonin,PFR_a
53796,163,121,576,555,acetylcholine,PFNp_c
53837,241,219,893,857,acetylcholine,FC3_a
53991,383,402,1786,1969,glutamate,FB7I
54176,102,156,346,600,acetylcholine,vDeltaI_b
54184,166,104,604,589,acetylcholine,FC1A
54283,169,111,616,660,acetylcholine,FC1A
54443,195,320,1371,3682,acetylcholine,hDeltaA
54578,310,256,1631,1538,glutamate,FB7L
54597,136,188,900,802,gaba,ER1_a
54627,101,190,263,488,acetylcholine,FS1A_a
54642,122,196,570,973,acetylcholine,vDeltaF
54776,95,94,1052,1070,acetylcholine,PFNd
54907,135,176,525,872,acetylcholine,vDeltaE
54911,174,112,611,697,acetylcholine,FC1F
54912,121,87,1271,1228,gaba,ER3d_b
55037,224,181,770,578,acetylcholine,FC3_b
55049,234,186,773,608,acetylcholine,FC3_c
55094,165,261,1598,2325,acetylcholine,hDeltaD
55109,90,132,340,649,acetylcholine,vDeltaD
55124,70,135,756,992,glutamate,SpsP
55143,157,240,747,1105,acetylcholine,hDeltaJ
55161,502,345,2740,1641,glutamate,FB4O
55401,184,316,820,1922,acetylcholine,FC2A
55415,160,276,618,1257,acetylcholine,FC2B
55481,161,114,454,387,acetylcholine,PFNp_c
55508,325,406,1390,1494,glutamate,FB6K
55523,442,396,1953,1099,glutamate,FB2G_b
55527,149,114,1223,1593,acetylcholine,PEN_b(PEN2)
55538,234,169,741,436,acetylcholine,FC3_a
55630,94,100,692,708,acetylcholine,EPGt
55789,458,384,2272,1296,glutamate,FB2G_b
55887,114,95,345,227,glutamate,SAF
55953,140,245,638,841,glutamate,FB5V_c
56106,126,119,439,365,acetylcholine,FC1E
56146,136,121,441,472,acetylcholine,FC1D
56327,239,326,1514,1373,glutamate,FB6P
56350,482,344,2540,1423,glutamate,FB4O
56382,178,281,799,1625,acetylcholine,FC2A
56466,223,178,770,509,acetylcholine,FC3_a
56542,31,138,262,771,serotonin,hDeltaK
56545,225,182,653,521,acetylcholine,FC3_b
56567,236,328,1209,1046,glutamate,FB6X
56581,148,130,477,462,acetylcholine,FC1D
56607,214,164,701,474,acetylcholine,FC3_b
56628,208,247,912,745,glutamate,FB6R
56635,130,110,429,386,acetylcholine,FC1E
56695,326,246,1117,718,gaba,FB3C
56726,223,319,1544,3127,acetylcholine,hDeltaL
56766,222,326,990,874,acetylcholine,ICL010m
56799,127,87,600,516,acetylcholine,FC1A
56830,125,190,578,837,acetylcholine,vDeltaF
56839,204,136,593,347,acetylcholine,FC3_b
56905,137,256,498,1190,acetylcholine,FC2C
56993,96,91,1079,919,gaba,ER3a_a
57252,76,194,164,531,acetylcholine,FS1A_c
57278,431,432,1808,2098,glutamate,FB6U
57309,187,134,543,692,acetylcholine,FC1B
57353,424,177,1311,336,glutamate,FB2F_c
57384,295,225,636,1371,unclear,PFR_a
57536,162,113,468,410,acetylcholine,PFNp_c
57587,243,172,893,596,acetylcholine,FC3_a
57591,87,79,611,630,acetylcholine,EPGt
57600,146,113,564,639,acetylcholine,PFNm_b
57603,120,206,392,1028,acetylcholine,FC2C
57625,208,357,1438,3142,acetylcholine,hDeltaG
57851,371,320,1776,924,glutamate,FB2G_a
57934,107,156,475,814,acetylcholine,vDeltaF
57935,48,225,670,1441,unclear,FR1
58073,151,125,437,471,acetylcholine,FC1D
58113,136,139,343,567,acetylcholine,FC1C_b
58146,104,193,491,864,acetylcholine,vDeltaH
58243,245,213,1049,733,glutamate,FB5W_a
58244,115,159,483,824,acetylcholine,vDeltaF
58322,103,237,187,882,acetylcholine,FS2
58335,249,206,686,679,acetylcholine,FC3_b
58447,180,339,1216,2284,acetylcholine,hDeltaC
58552,371,283,1694,1241,glutamate,FB4Q_c
58561,111,248,564,1671,serotonin,PFGs
58565,143,104,607,861,acetylcholine,FC1B
58585,163,128,518,525,acetylcholine,PFNm_a
58730,49,219,698,1541,unclear,FR1
58834,358,398,2066,4978,octopamine,EL
59018,99,164,546,755,acetylcholine,vDeltaI_a
59108,248,229,653,1721,serotonin,PFR_a
59176,118,199,452,929,acetylcholine,vDeltaE
59230,112,98,1142,1129,gaba,ER3m
59275,132,160,525,710,acetylcholine,vDeltaG
59288,268,227,746,1443,serotonin,PFR_a
59337,116,105,1309,1039,gaba,ER3w_b
59408,260,505,832,1417,acetylcholine,CB1017
59425,116,124,851,700,acetylcholine,IbSpsP
59429,130,179,544,825,acetylcholine,vDeltaG
59434,121,180,537,767,acetylcholine,vDeltaG
59485,349,364,1875,1385,glutamate,FB5G_c
59719,128,105,422,487,acetylcholine,FC1D
59735,122,114,442,510,acetylcholine,PFNm_a
59806,268,212,758,819,acetylcholine,FC3_c
59813,164,142,555,535,acetylcholine,FC1D
59846,215,236,988,925,glutamate,FB4E_a
59929,58,129,226,349,acetylcholine,FR2
59969,225,354,1911,4439,acetylcholine,hDeltaA
59983,133,66,936,802,acetylcholine,PFNv
59994,258,274,1287,1765,acetylcholine,PFR_b
60054,319,222,1495,630,glutamate,FB1E_a
60086,159,233,721,1194,acetylcholine,hDeltaJ
60215,127,102,433,498,acetylcholine,FC1B
60323,178,117,641,626,acetylcholine,FC1A
60361,111,68,517,419,acetylcholine,PFNa
60365,284,240,939,787,glutamate,FB1A
60370,110,174,480,817,acetylcholine,vDeltaE
60381,165,256,950,1401,glutamate,FB7J
60449,174,133,444,483,acetylcholine,PFNp_c
60474,211,170,730,501,acetylcholine,FC3_b
60481,108,71,310,255,acetylcholine,PFNp_a
60586,217,163,895,492,acetylcholine,FC3_a
60670,140,205,480,864,acetylcholine,FC2C
61234,186,141,572,542,acetylcholine,PFNp_c
61273,146,174,908,757,gaba,ER1_b
61278,117,175,509,854,acetylcholine,vDeltaG
61290,171,110,470,411,acetylcholine,PFNp_c
61296,110,161,560,701,acetylcholine,vDeltaG
61392,85,132,350,522,glutamate,FB9B_b
61398,61,212,823,1489,unclear,FR1
61451,192,279,1450,2638,acetylcholine,hDeltaL
61553,270,206,712,1335,serotonin,PFR_a
61568,156,139,442,469,acetylcholine,FC1D
61590,317,359,1311,3202,octopamine,EL
61704,383,303,2240,1062,glutamate,FB2M_a
61731,226,199,645,730,acetylcholine,FC3_c
61845,323,355,1370,3544,octopamine,EL
61871,195,281,941,858,glutamate,FB5Z
61930,151,134,372,462,acetylcholine,FC1C_b
61978,160,151,533,470,acetylcholine,FC1D
62020,165,234,689,804,glutamate,FB8I
62193,223,303,1380,1246,glutamate,FB6P
62262,149,133,379,520,acetylcholine,FC1C_b
62443,178,151,530,598,acetylcholine,FC1F
62463,108,75,453,411,acetylcholine,PFNa
62570,149,277,723,1022,glutamate,FB6T
62712,145,144,436,391,acetylcholine,FC1E
62732,139,78,404,294,glutamate,FB1D
62751,92,109,261,442,acetylcholine,LHPV6f1
62790,120,233,333,711,acetylcholine,FS1A_a
62821,137,113,462,480,acetylcholine,FC1D
62962,203,173,691,597,acetylcholine,FC3_b
63122,159,221,782,1038,glutamate,FB5V_c
63179,184,237,787,1278,acetylcholine,hDeltaJ
63261,132,170,538,806,acetylcholine,vDeltaG
63277,258,282,1804,3992,acetylcholine,hDeltaF
63324,84,126,249,541,acetylcholine,vDeltaJ
63395,222,161,845,605,glutamate,FB5W_a
63612,117,162,449,783,acetylcholine,vDeltaE
63635,122,146,529,742,acetylcholine,vDeltaG
63639,149,152,689,411,glutamate,FB8E
63652,102,190,180,567,acetylcholine,FS1B_a
63782,133,125,1563,1502,gaba,ER3d_c
63838,133,114,398,395,acetylcholine,FC1D
63998,332,325,1149,912,gaba,FB3C
64029,120,72,500,485,acetylcholine,PFNa
64139,127,136,320,387,acetylcholine,FC1C_a
64270,161,226,437,1066,acetylcholine,FC2C
64298,54,69,124,173,unclear,PFNp_b
64325,295,330,1278,1136,glutamate,FB6K
64365,80,156,128,430,acetylcholine,FS2
64416,109,148,457,808,acetylcholine,vDeltaE
64464,112,167,253,456,acetylcholine,FS1B_a
64468,62,103,233,386,acetylcholine,vDeltaK
64541,116,74,552,474,acetylcholine,PFNa
64591,139,120,392,343,acetylcholine,FC1E
64684,204,121,637,594,acetylcholine,FC3_c
64842,136,117,377,495,acetylcholine,FC1E
64956,390,382,1940,2817,unclear,FB7B
65000,99,163,454,715,glutamate,FB7D_b
65047,292,368,1201,1322,glutamate,FB6X
65054,65,100,250,492,acetylcholine,vDeltaL
65085,105,150,405,772,acetylcholine,vDeltaD
65180,140,116,430,508,acetylcholine,PFNm_a
65187,205,171,1835,729,glutamate,FB7K
65579,200,129,601,362,acetylcholine,FC3_a
65657,107,156,533,732,acetylcholine,vDeltaI_a
65705,395,435,1924,1720,glutamate,FB5Q
65722,160,109,418,406,acetylcholine,PFNp_e
65947,166,119,612,698,acetylcholine,FC1F
66205,191,136,513,529,acetylcholine,FC3_c
66230,83,187,218,510,acetylcholine,FS1A_a
66246,115,145,498,733,acetylcholine,vDeltaH
66309,172,118,492,438,acetylcholine,FC1D
66342,89,155,270,300,acetylcholine,FS1B_b
66418,172,137,685,431,acetylcholine,FC3_b
66479,145,156,411,534,acetylcholine,FC1C_a
66561,102,147,357,624,acetylcholine,vDeltaI_b
66644,150,231,723,1224,acetylcholine,hDeltaJ
66695,555,544,2398,2376,glutamate,FB5D
66711,193,189,412,450,dopamine,KCab-s
66718,102,211,485,593,glutamate,FB6T
66750,163,207,510,958,acetylcholine,FC2C
66823,267,294,1134,1646,glutamate,FB1I
66841,116,78,1053,883,acetylcholine,PFNa
66864,115,246,247,951,acetylcholine,FS2
66977,343,327,1718,1269,glutamate,FB5G_a
67006,145,121,521,642,acetylcholine,FC1F
67019,131,75,616,525,acetylcholine,PFNa
67024,168,119,445,459,acetylcholine,FC1D
67047,102,140,429,652,acetylcholine,vDeltaG
67055,202,285,1246,2413,acetylcholine,hDeltaL
67167,208,338,1707,3722,acetylcholine,hDeltaA
67174,133,177,858,741,gaba,ER1_a
67241,364,403,2067,1634,glutamate,FB5Q
67250,187,115,542,535,acetylcholine,FC1B
67303,181,202,1154,1121,glutamate,FB8B
67361,158,258,627,1104,acetylcholine,FC2B
67397,181,236,632,572,glutamate,FB7M
67456,153,112,462,678,acetylcholine,FC1B
67598,171,128,483,440,acetylcholine,PFNp_c
67717,154,147,360,587,acetylcholine,FC1C_a
67741,163,311,767,1984,acetylcholine,FC2B
68039,123,77,514,451,acetylcholine,FC1B
68121,172,119,516,587,acetylcholine,FC1F
68196,220,233,709,698,glutamate,SAF
68225,303,252,902,836,glutamate,FB1F
68268,448,497,1977,2038,glutamate,FB4P_a
68271,157,302,638,1832,acetylcholine,FC2B
68360,46,128,150,286,acetylcholine,FS4A
68387,69,100,648,527,acetylcholine,IbSpsP
68391,92,207,470,581,glutamate,FB8F_b
68438,114,101,392,359,acetylcholine,PFNp_a
68502,164,238,534,1015,acetylcholine,FC2C
68579,166,259,535,980,acetylcholine,FC2C
68672,351,261,1591,1206,glutamate,FB4Q_c
68775,197,241,1503,2179,acetylcholine,hDeltaD
68834,112,218,263,840,acetylcholine,FS2
68841,188,235,1029,1330,glutamate,FB8C
68889,77,204,767,1297,acetylcholine,FR1
68917,141,272,863,847,glutamate,FB5B
69064,279,225,924,1717,serotonin,PFR_a
69106,164,134,396,381,acetylcholine,FC1E
69262,166,133,569,514,acetylcholine,PFNp_c
69315,129,128,368,464,acetylcholine,FC1C_b
69319,127,172,945,742,gaba,ER1_a
69343,160,270,832,862,glutamate,FB6Q
69454,94,91,1064,1041,gaba,ER3a_d
69515,94,84,999,854,acetylcholine,PFNd
69541,137,114,498,476,acetylcholine,PFNm_a
69599,146,96,367,315,acetylcholine,PFNp_e
69684,420,452,1946,1597,glutamate,FB5O
69704,217,316,1242,2666,acetylcholine,hDeltaI
69783,132,179,261,526,acetylcholine,FC
69923,129,95,387,567,acetylcholine,FC1F
69938,64,117,699,617,acetylcholine,IbSpsP
69954,196,297,1030,1959,acetylcholine,hDeltaC
70230,165,129,462,422,acetylcholine,PFNp_c
70279,241,191,975,610,glutamate,FB5W_a
70307,151,85,997,769,acetylcholine,PFNa
70329,145,214,709,979,acetylcholine,hDeltaJ
70378,212,175,480,437,dopamine,KCab-s
70533,129,86,888,881,acetylcholine,PFNa
70573,358,404,1856,1496,glutamate,FB5G_c
70621,106,186,255,458,acetylcholine,FS1A_a
70713,113,162,503,638,acetylcholine,vDeltaD
70716,100,158,305,544,acetylcholine,vDeltaI_b
70894,114,74,451,423,acetylcholine,PFNa
71015,135,136,377,435,acetylcholine,FC1E
71018,99,141,346,444,acetylcholine,vDeltaC
71042,82,149,394,657,acetylcholine,vDeltaI_a
71081,178,257,835,707,glutamate,FB5B
71154,103,119,418,501,acetylcholine,vDeltaB
71302,117,212,285,599,acetylcholine,FS1A_b
71363,135,217,247,691,acetylcholine,FS2
71397,170,138,414,518,acetylcholine,FC1C_b
71503,153,178,878,765,gaba,ER1_c
71612,95,190,189,453,acetylcholine,FS1B_a
71718,222,181,877,611,acetylcholine,FC3_b
71747,165,118,511,477,acetylcholine,PFNm_a
71752,122,73,371,212,acetylcholine,PFNp_a
71769,318,258,1126,806,glutamate,FB4R
71779,185,286,1228,2932,acetylcholine,hDeltaL
71855,173,280,746,1567,acetylcholine,FC2A
71959,79,140,189,496,acetylcholine,vDeltaJ
71991,55,104,621,567,acetylcholine,IbSpsP
72133,132,169,605,836,acetylcholine,vDeltaF
72143,165,120,563,431,acetylcholine,PFNp_c
72145,169,250,810,573,glutamate,FB7C
72390,143,124,420,447,acetylcholine,FC1E
72430,337,380,1053,995,glutamate,FB2C
72472,131,90,424,459,acetylcholine,PFNm_b
72491,143,175,943,698,gaba,ER1_c
72669,165,116,552,448,acetylcholine,PFNp_e
72824,88,90,1132,1027,gaba,ER3a_a
72892,152,293,836,1008,glutamate,FB5B
72902,146,131,396,451,acetylcholine,FC1E
72957,151,220,719,1046,acetylcholine,hDeltaJ
73110,216,232,991,1156,glutamate,FB6J
73112,200,164,920,475,glutamate,FB8E
73114,164,136,470,511,acetylcholine,PFNp_c
73244,147,122,444,385,acetylcholine,FC1C_b
73285,92,97,367,302,acetylcholine,vDeltaB
73312,83,183,172,468,acetylcholine,FS1A_c
73758,248,359,1168,1453,glutamate,FB5J
73853,201,303,1163,2594,acetylcholine,hDeltaI
73908,108,136,422,474,acetylcholine,vDeltaH
74326,154,292,575,1399,acetylcholine,FC2B
74349,250,196,584,572,acetylcholine,FC3_c
74363,429,431,1929,1482,acetylcholine,aIPg1
74366,175,135,596,582,acetylcholine,PFNp_c
74439,86,181,171,583,acetylcholine,FS1A_c
74480,124,199,379,813,acetylcholine,FC2C
74666,173,274,1640,3555,acetylcholine,hDeltaE
74669,175,218,640,672,glutamate,FB7F
74836,130,91,1055,893,acetylcholine,PFNa
74917,230,197,522,1259,serotonin,PFR_a
74988,122,100,334,319,acetylcholine,PFNp_e
74990,353,272,940,947,glutamate,FB1B
75125,267,249,1347,914,glutamate,FB8G
75141,98,142,390,560,acetylcholine,vDeltaG
75148,190,161,743,613,acetylcholine,CB1541
75558,159,118,644,698,acetylcholine,FC1A
75581,213,134,537,502,acetylcholine,FC1B
75598,113,84,594,673,acetylcholine,PFNa
75614,493,477,2112,1808,glutamate,FB5E
75651,107,68,482,470,acetylcholine,PFNa
75669,98,151,351,634,acetylcholine,vDeltaD
75688,162,220,731,1108,acetylcholine,hDeltaJ
75724,175,158,590,648,acetylcholine,PFNm_a
75781,126,153,489,754,acetylcholine,vDeltaD
75789,398,386,1168,1000,glutamate,FB2C
75819,13,51,113,506,acetylcholine,TuBu10
76194,144,138,2529,2310,acetylcholine,PEN_a(PEN1)
76200,201,270,836,1007,glutamate,FB7E
76412,352,393,2912,2166,glutamate,FB5K
76492,147,109,389,331,acetylcholine,PFNp_c
76506,122,176,554,679,acetylcholine,vDeltaI_a
76585,179,231,951,688,glutamate,MBON25-like
76845,143,125,378,490,acetylcholine,FC1C_b
76931,101,169,1191,944,acetylcholine,PFL1
76941,144,229,277,773,acetylcholine,FS2
77025,125,190,260,612,acetylcholine,FS3_c
77090,171,322,1249,2674,acetylcholine,hDeltaM
77211,174,129,538,535,acetylcholine,PFNm_a
77246,101,184,268,511,acetylcholine,FS1A_a
77285,120,73,650,628,acetylcholine,PFNa
77311,367,302,2601,1152,glutamate,FB2F_a
77360,123,112,923,931,acetylcholine,PFNd
77482,229,227,1195,1095,glutamate,ATL035
77770,149,144,381,479,acetylcholine,FC1E
77801,139,107,468,449,acetylcholine,PFNm_a
77821,65,87,248,410,acetylcholine,vDeltaK
77864,94,110,375,465,acetylcholine,vDeltaC
77911,295,240,982,974,acetylcholine,FC3_a
78121,143,108,373,369,acetylcholine,PFNp_c
78294,256,289,1267,960,glutamate,FB5Z
78331,337,315,1146,817,glutamate,FB2L
78549,223,150,644,441,acetylcholine,FC3_b
78577,248,232,1046,594,glutamate,FB5G_b
78718,133,123,376,469,acetylcholine,FC1E
79038,141,135,309,295,dopamine,KCab-c
79146,127,177,476,857,acetylcholine,vDeltaE
79204,145,234,481,1039,acetylcholine,FC2C
79273,260,332,1427,1480,glutamate,FB5X
79427,292,277,1556,1071,glutamate,FB7I
79549,221,333,1907,2224,acetylcholine,PFL3
79615,216,256,1312,1549,acetylcholine,PFR_b
79639,169,134,590,641,acetylcholine,PFNm_a
79788,90,122,278,465,acetylcholine,vDeltaJ
79839,171,272,668,1599,acetylcholine,hDeltaI
79948,201,282,866,954,glutamate,FB7E
80130,186,333,987,1988,acetylcholine,hDeltaC
80388,148,88,446,274,acetylcholine,PFNp_e
80415,206,313,831,1300,glutamate,FB4A_b
80453,105,97,1035,796,acetylcholine,PFNd
80474,378,319,1980,921,glutamate,FB2G_b
80549,270,270,1507,1517,glutamate,FB7H
80750,170,242,788,1326,acetylcholine,hDeltaJ
80867,124,168,988,717,gaba,ER1_a
80871,102,164,404,664,acetylcholine,vDeltaC
81159,149,191,1181,1380,acetylcholine,PEG
81176,157,132,399,473,acetylcholine,FC1C_a
81247,111,166,365,517,acetylcholine,vDeltaI_b
81334,157,217,955,1161,glutamate,FB8C
81417,61,98,211,533,acetylcholine,vDeltaK
81432,115,75,670,597,acetylcholine,PFNa
81527,106,161,302,532,acetylcholine,vDeltaI_b
81605,117,127,418,518,acetylcholine,vDeltaC
81910,101,163,467,783,acetylcholine,vDeltaE
82111,300,263,1501,1022,glutamate,FB8G
82222,388,387,1666,2877,acetylcholine,AVLP025
82236,166,227,411,674,acetylcholine,FC
82261,263,274,1568,1294,glutamate,FB5X
82293,143,264,628,1502,acetylcholine,FC2B
82342,231,245,1237,794,glutamate,FB4E_c
82613,184,293,1023,2409,acetylcholine,hDeltaI
82637,158,142,411,486,acetylcholine,FC1C_b
82772,125,76,622,531,acetylcholine,PFNa
82884,223,167,790,591,acetylcholine,FC3_a
83070,288,299,1039,1172,glutamate,FB5V_b
83319,303,313,1627,1002,glutamate,FB5G_a
83388,235,330,972,1050,glutamate,FB7E
83473,88,86,358,242,acetylcholine,vDeltaB
83478,166,127,494,531,acetylcholine,PFNp_c
83510,104,122,353,357,acetylcholine,vDeltaB
83709,143,195,778,918,glutamate,FB7D_a
83804,154,118,614,557,acetylcholine,FC1A
83827,361,143,1082,265,glutamate,FB2F_c
84064,170,113,520,475,acetylcholine,PFNp_c
84121,286,366,1583,1718,glutamate,SMP122
84203,307,219,906,708,glutamate,FB1F
84217,359,366,1652,1370,glutamate,FB5X
84256,122,183,535,802,acetylcholine,vDeltaH
84296,310,224,948,667,unclear,FB3C
84305,357,274,2153,959,glutamate,FB4Q_c
84617,118,80,362,291,acetylcholine,PFNp_a
84661,280,265,1553,1089,glutamate,FB7I
84708,132,126,313,513,acetylcholine,FC1C_b
84758,310,372,2828,4956,acetylcholine,EPG
84766,144,247,964,1437,glutamate,FB7J
84836,245,264,943,924,glutamate,FB5V_b
84873,128,231,648,1137,acetylcholine,hDeltaJ
85234,107,115,365,446,acetylcholine,vDeltaB
85331,82,87,279,302,acetylcholine,vDeltaB
85400,183,292,812,1893,acetylcholine,FC2B
85456,79,101,337,351,acetylcholine,vDeltaB
85527,64,243,922,1699,unclear,FR1
85745,133,108,393,296,acetylcholine,FC3_b
86000,94,131,415,645,acetylcholine,vDeltaC
86425,248,251,772,822,glutamate,FB5V_b
86722,94,193,218,495,acetylcholine,FS1A_a
87077,160,421,910,1042,glutamate,MBON25
87121,277,363,1591,1710,glutamate,FB5X
87610,115,128,260,467,acetylcholine,FC1C_a
87630,161,288,708,1648,acetylcholine,FC2B
87815,261,192,733,728,acetylcholine,FC3_c
88014,253,197,723,1239,serotonin,PFR_a
88192,175,169,471,442,dopamine,KCab-c
88289,107,180,209,550,acetylcholine,FS3_a
88342,299,375,2524,4354,acetylcholine,EPG
88378,97,139,205,297,acetylcholine,FS1B_b
88578,97,150,482,631,acetylcholine,vDeltaI_a
88730,122,137,261,387,acetylcholine,FS3_a
88795,209,140,563,587,acetylcholine,FC1F
88904,210,275,1639,3643,acetylcholine,hDeltaE
89048,130,142,254,455,acetylcholine,FS3_a
89155,340,303,1478,1339,glutamate,FB7G
89191,333,305,1532,1135,glutamate,FB4D_b
89221,104,130,272,280,acetylcholine,FS4C
89635,182,293,750,1776,acetylcholine,FC2B
89657,132,133,271,473,acetylcholine,FC1C_a
89729,12,57,96,634,acetylcholine,TuBu09
89937,233,231,956,637,glutamate,FB5G_b
90155,168,122,503,414,acetylcholine,FC1D
90194,93,162,274,535,acetylcholine,vDeltaI_b
90201,98,134,374,519,acetylcholine,vDeltaH
90331,141,135,325,452,acetylcholine,FC1C_a
90386,53,87,172,385,unclear,vDeltaL
90497,225,141,738,416,acetylcholine,FC3_a
90574,250,211,561,1170,serotonin,PFR_a
90587,123,130,413,336,glutamate,SAF
90634,166,221,704,1145,acetylcholine,hDeltaJ
90638,93,97,390,243,glutamate,SAF
90697,159,217,904,1133,glutamate,FB8C
90896,303,184,1084,625,glutamate,FB5W_a
90924,100,121,371,505,acetylcholine,vDeltaC
91004,160,239,734,1329,acetylcholine,hDeltaJ
91269,109,126,414,599,acetylcholine,vDeltaD
91360,110,209,281,638,acetylcholine,FS2
91507,244,292,1168,978,glutamate,FB5Z
91537,143,206,410,751,acetylcholine,FC2C
91633,269,366,767,1026,glutamate,FB2K
91780,116,199,188,723,acetylcholine,FS2
91820,115,181,233,527,acetylcholine,FS1A_c
91835,101,156,558,669,glutamate,FB7D_b
91870,100,150,281,591,unclear,vDeltaI_b
92081,226,231,1020,699,glutamate,FB6R
92112,180,191,826,788,glutamate,MBON34
92115,162,159,428,447,glutamate,SA3
92188,319,363,2461,4297,acetylcholine,EPG
92208,103,143,241,332,acetylcholine,FS1B_b
92330,181,277,671,1726,acetylcholine,hDeltaI
92417,97,130,254,462,acetylcholine,vDeltaJ
92446,86,168,178,476,acetylcholine,FS1A_c
92514,170,108,613,532,acetylcholine,FC1A
92517,107,165,221,446,acetylcholine,FS1B_a
92564,182,173,888,535,glutamate,FB8E
92576,239,243,1353,964,glutamate,FB8G
92611,150,107,584,539,acetylcholine,FC1A
92664,162,109,689,682,acetylcholine,FC1A
92683,165,224,614,847,glutamate,FB4A_a
92734,294,309,1488,1010,glutamate,FB5G_a
92797,87,72,269,173,acetylcholine,vDeltaA_b
93067,200,220,1102,771,glutamate,FB4E_c
93186,159,109,417,339,acetylcholine,PFNp_c
93284,136,147,489,739,acetylcholine,vDeltaD
93348,277,138,1553,667,glutamate,FB1E_a
93538,106,179,238,511,acetylcholine,FS1B_a
93886,149,222,245,712,acetylcholine,FS2
94100,171,124,522,658,acetylcholine,FC1F
94152,77,135,221,423,acetylcholine,vDeltaI_b
94332,87,104,337,380,acetylcholine,vDeltaB
94391,68,60,693,369,glutamate,P6-8P9
94433,67,204,797,1565,unclear,FR1
94487,101,103,671,475,acetylcholine,IbSpsP
94528,324,255,1276,1225,glutamate,FB4Q_b
94739,219,285,947,1080,glutamate,FB7E
94805,164,121,577,480,acetylcholine,FC1D
94980,60,68,633,372,acetylcholine,IbSpsP
95015,94,133,355,541,acetylcholine,vDeltaI_b
95025,196,240,874,917,glutamate,FB4E_b
95207,93,150,213,370,acetylcholine,FS1B_b
95377,94,232,221,710,acetylcholine,FS1A_b
95674,83,87,224,289,acetylcholine,LHPV6f1
95713,139,260,578,1117,acetylcholine,FC2C
95935,128,161,445,827,glutamate,FB4Z_c
96000,75,68,285,202,acetylcholine,vDeltaA_b
96115,181,224,474,645,glutamate,FB6S
96116,95,137,242,296,acetylcholine,FS4C
96270,220,325,684,808,glutamate,FB2K
96384,177,302,728,1598,acetylcholine,FC2B
96745,323,254,1516,1070,glutamate,FB6U
97083,114,81,637,634,acetylcholine,PFNa
97092,85,126,167,293,acetylcholine,FS3_b
97122,174,281,585,684,glutamate,FB2K
97443,158,277,626,1652,acetylcholine,FC2B
97510,156,173,743,641,glutamate,CB1287
97512,92,112,588,657,acetylcholine,IbSpsP
97523,207,336,675,994,glutamate,FB2K
97590,255,213,912,568,glutamate,FB2L
97678,138,70,874,649,acetylcholine,PFNv
97946,100,164,327,623,acetylcholine,vDeltaI_b
98136,203,348,713,1001,glutamate,FB2K
98337,115,68,644,432,acetylcholine,PFNa
98374,57,72,233,308,unclear,vDeltaM
98391,114,76,522,448,acetylcholine,PFNa
98430,138,87,363,264,acetylcholine,PFNp_e
98457,103,121,361,583,acetylcholine,vDeltaC
98471,126,80,353,245,acetylcholine,PFNp_a
98544,57,221,823,1476,unclear,FR1
98874,112,93,1395,1294,acetylcholine,PFNd
99028,301,225,1797,727,glutamate,FB2J_a
99284,108,159,234,448,acetylcholine,FS3_a
99299,317,381,981,1186,glutamate,FB2C
99346,212,309,685,706,glutamate,FB2K
99513,132,215,719,1016,glutamate,FB7D_a
99693,50,101,174,474,unclear,vDeltaK
99820,158,267,735,1496,acetylcholine,FC2B
99942,91,90,249,201,acetylcholine,PFNp_a
100217,270,251,827,689,unclear,FB3C
100304,210,245,1062,960,glutamate,FB4E_a
100451,123,124,373,305,glutamate,SAF
100513,101,191,303,588,glutamate,SA2_a
100586,175,203,600,650,glutamate,FB4A_a
100809,89,96,1026,1116,acetylcholine,PEG
100824,66,86,227,344,acetylcholine,vDeltaK
101011,166,246,569,1209,acetylcholine,FC2C
101052,184,211,755,591,glutamate,FB4E_b
101125,147,119,522,523,acetylcholine,PFNm_a
101212,92,199,189,559,acetylcholine,FS1A_c
101406,93,169,462,485,glutamate,FB9A
101508,243,155,657,459,glutamate,FB1B
101515,149,215,631,623,glutamate,FB7F
101552,131,182,568,823,acetylcholine,vDeltaF
101754,96,121,219,259,acetylcholine,FS1B_b
101791,157,89,427,270,acetylcholine,PFNp_e
101821,99,186,177,513,acetylcholine,FS2
101898,129,76,602,585,acetylcholine,PFNa
101916,123,138,599,407,gaba,VES024_a
102209,132,67,628,531,acetylcholine,PFNa
102316,272,284,1100,755,glutamate,FB3D
102359,82,99,243,382,acetylcholine,vDeltaK
102416,66,98,195,339,acetylcholine,vDeltaK
102438,123,189,649,1033,glutamate,FB7D_b
102689,171,87,1575,1294,acetylcholine,PFNv
102878,144,228,527,746,glutamate,FB8I
102956,116,200,663,1091,glutamate,FB7D_a
103107,181,154,550,432,glutamate,SA3
103306,395,312,1811,940,glutamate,FB2F_d
103466,188,293,648,1309,acetylcholine,FC2B
103482,180,120,519,642,acetylcholine,FC1F
103526,104,226,224,599,acetylcholine,FS1A_c
103598,97,135,233,310,acetylcholine,FS1B_b
104007,118,194,490,964,glutamate,FB5S
104220,57,180,674,1279,unclear,FR1
104306,85,82,1025,796,gaba,ER3a_a
104316,132,110,387,308,glutamate,SA3
104389,61,102,146,273,acetylcholine,FS4B
104473,113,81,266,191,unclear,PFNp_b
104593,408,176,1251,386,glutamate,FB2F_c
104985,394,290,2255,1372,glutamate,FB6N
105012,107,137,250,382,glutamate,SA2_b
105072,101,127,360,519,acetylcholine,vDeltaC
105078,100,173,579,898,glutamate,FB6J
105369,73,102,180,231,acetylcholine,FS4C
105406,107,188,544,879,acetylcholine,vDeltaI_a
105436,165,213,907,817,glutamate,FB5V_a
105582,89,172,317,562,glutamate,SA2_a
105664,114,175,240,421,acetylcholine,FS1A_c
105775,189,243,882,888,glutamate,FB4E_a
105904,179,283,586,777,glutamate,FB2K
106016,81,79,345,268,acetylcholine,vDeltaA_b
106292,144,105,460,396,acetylcholine,FC1D
106414,320,241,1111,912,glutamate,FB7G
106494,95,114,198,360,acetylcholine,FS4A
106495,191,295,687,1459,acetylcholine,FC2B
106555,112,128,338,466,acetylcholine,vDeltaJ
106593,133,298,814,1093,glutamate,FB5V_c
106856,134,196,379,557,acetylcholine,FS1A_b
107195,271,378,2139,3897,acetylcholine,EPG
107492,101,156,215,432,acetylcholine,FS1B_a
107497,149,103,446,344,acetylcholine,PFNp_e
107521,201,163,551,436,acetylcholine,FC3_b
107571,139,113,459,519,acetylcholine,PFNm_b
107690,174,292,619,1348,acetylcholine,FC2B
108042,112,86,285,230,acetylcholine,PFNp_b
108286,157,252,513,1099,acetylcholine,FC2C
108332,109,75,337,248,acetylcholine,PFNp_a
108415,176,241,708,1186,acetylcholine,hDeltaJ
108478,134,304,1138,1690,acetylcholine,PFL3
108566,136,134,362,392,glutamate,SA3
108585,155,200,482,706,glutamate,FB8I
108643,142,138,410,488,acetylcholine,FC1E
108738,87,136,489,669,acetylcholine,vDeltaI_a
108860,263,327,1208,1349,glutamate,FB5V_a
109669,183,327,571,834,glutamate,FB2K
109752,154,214,583,987,acetylcholine,FC2C
109806,124,80,504,440,acetylcholine,PFNm_b
109866,189,337,879,2227,acetylcholine,hDeltaC
110007,178,238,643,593,glutamate,FB7C
110276,94,66,183,151,acetylcholine,PFNp_b
110323,155,131,456,672,acetylcholine,FC1B
110382,95,230,367,951,glutamate,SA2_a
110439,178,118,457,391,acetylcholine,PFNp_c
110451,112,160,553,812,glutamate,FB7D_b
110756,133,178,493,815,acetylcholine,vDeltaF
111108,103,59,438,516,acetylcholine,PFNa
111244,206,143,523,595,acetylcholine,FC1F
111460,110,133,202,352,acetylcholine,FS3_c
111593,57,86,159,293,unclear,vDeltaK
111693,68,90,208,331,unclear,vDeltaL
111837,81,72,273,303,acetylcholine,vDeltaM
112039,85,64,173,157,unclear,PFNp_a
112156,142,241,648,671,glutamate,FB8F_a
112250,175,144,598,546,acetylcholine,PFNp_c
112339,98,167,255,332,acetylcholine,FS1A_a
112377,104,78,239,221,unclear,PFNp_b
112402,83,80,243,295,acetylcholine,vDeltaM
112466,215,302,605,733,glutamate,FB2C
112530,126,158,517,800,acetylcholine,vDeltaE
112562,74,76,266,366,acetylcholine,vDeltaK
112723,163,120,549,420,acetylcholine,PFNp_e
112756,115,78,322,211,acetylcholine,PFNp_e
112888,156,242,518,1072,acetylcholine,FC2C
112940,145,161,342,468,acetylcholine,FC1E
113148,135,176,689,883,glutamate,FB5S
113280,187,175,361,381,dopamine,KCab-c
113398,165,89,477,477,acetylcholine,FC1B
113489,126,94,405,322,acetylcholine,PFNp_a
113500,205,155,686,367,acetylcholine,FC3_b
113512,65,86,225,314,unclear,vDeltaL
113544,70,132,223,285,acetylcholine,FS4C
113565,99,183,552,561,glutamate,FB8F_a
113588,153,302,716,1037,glutamate,FB5T
113840,209,214,714,614,glutamate,FB4A_a
113924,188,203,840,1191,glutamate,FB5U
114009,172,125,528,632,acetylcholine,FC1B
114050,115,84,561,521,acetylcholine,PFNa
114213,152,176,507,610,glutamate,FB4A_a
114379,76,91,236,359,acetylcholine,vDeltaK
114392,152,209,354,557,glutamate,FB6S
114426,176,143,601,664,acetylcholine,PFNm_b
114480,59,106,155,255,acetylcholine,FS4B
114624,97,187,346,628,glutamate,SA1_c
114647,129,72,494,331,acetylcholine,PFNm_b
115046,108,144,205,362,acetylcholine,FS3_b
115198,66,51,676,280,glutamate,P6-8P9
115260,93,70,637,641,acetylcholine,PFNa
115261,136,256,507,1106,acetylcholine,FC2C
115521,223,283,1073,822,glutamate,FB6R
115546,151,211,785,773,glutamate,FB4E_a
115572,60,84,207,409,unclear,vDeltaL
115622,92,192,270,622,glutamate,SA1_a
115624,114,68,534,460,acetylcholine,PFNa
115674,158,232,576,980,acetylcholine,FC2C
115704,168,204,840,1092,glutamate,FB5S
115826,84,145,332,522,glutamate,SA2_b
115953,98,100,212,219,acetylcholine,FS4A
116185,116,210,405,681,glutamate,FB8F_a
116200,154,261,779,766,glutamate,FB5P
116303,100,132,459,733,acetylcholine,vDeltaE
116424,57,76,164,293,unclear,vDeltaL
116777,146,82,324,277,acetylcholine,PFNp_e
117040,122,209,528,639,glutamate,FB8F_a
117121,284,218,824,601,unclear,FB3C
117172,54,58,254,264,unclear,vDeltaM
117356,144,119,355,308,acetylcholine,FC1E
117480,120,203,584,624,acetylcholine,SMP377
117521,137,226,256,726,acetylcholine,FS2
117590,87,77,184,141,glutamate,SAF
117868,62,68,110,146,unclear,SAF
117879,93,75,211,175,unclear,PFNp_b
117972,86,118,331,429,acetylcholine,vDeltaB
118288,104,89,412,403,acetylcholine,PFNm_b
118318,136,161,341,392,glutamate,FB6S
118375,113,255,206,784,acetylcholine,FS2
118431,60,90,174,277,acetylcholine,vDeltaK
118617,137,121,445,406,acetylcholine,FC1D
118715,112,154,426,740,acetylcholine,vDeltaE
118960,116,213,634,623,glutamate,FB8F_a
118973,119,90,426,434,acetylcholine,PFNm_b
118980,100,69,555,500,acetylcholine,PFNa
119544,123,203,448,866,acetylcholine,FC2C
119668,168,138,465,430,acetylcholine,FC1D
119776,59,86,189,345,unclear,vDeltaM
119819,152,210,525,975,acetylcholine,FC2C
119833,121,135,580,610,acetylcholine,vDeltaG
119860,143,233,686,859,glutamate,FB5V_c
120165,109,170,205,439,acetylcholine,FS1A_c
120259,455,797,702,1294,dopamine,PAM04
120524,74,92,249,183,acetylcholine,FS4C
120591,149,146,402,535,acetylcholine,FC1C_b
120773,87,153,376,686,acetylcholine,vDeltaH
120798,107,229,656,557,glutamate,FB8F_b
120915,94,141,218,359,acetylcholine,FS1B_b
121031,320,335,814,893,glutamate,FB2C
121084,150,182,738,1024,glutamate,FB5S
121377,116,167,463,683,acetylcholine,vDeltaF
121578,73,81,494,412,acetylcholine,IbSpsP
121794,124,166,523,779,acetylcholine,vDeltaE
121959,137,256,713,1189,acetylcholine,hDeltaJ
121970,164,153,718,396,glutamate,FB8E
121996,58,81,108,166,acetylcholine,FS3_d
122132,170,102,516,410,acetylcholine,PFNp_c
122167,149,241,457,1006,acetylcholine,FC2C
122334,124,212,385,791,acetylcholine,FC2C
122727,82,102,354,331,acetylcholine,vDeltaB
122745,161,204,775,1161,glutamate,FB5U
122823,73,86,286,281,glutamate,FB9B_d
123047,137,272,636,1626,acetylcholine,hDeltaI
123127,115,62,560,468,acetylcholine,PFNa
123199,202,243,464,685,glutamate,FB6S
123248,189,218,688,820,glutamate,FB4E_b
123377,90,87,690,459,acetylcholine,IbSpsP
123428,154,95,423,329,acetylcholine,PFNp_e
123675,72,125,179,276,acetylcholine,FS4C
123681,176,238,876,536,glutamate,FB7C
124027,143,204,595,970,glutamate,FB5S
124099,106,86,205,200,unclear,PFNp_b
124313,141,98,520,575,acetylcholine,PFNm_b
124358,122,197,368,422,glutamate,FB8D
124466,167,120,559,510,acetylcholine,PFNm_b
124469,91,180,479,856,acetylcholine,vDeltaH
124472,63,72,265,279,acetylcholine,vDeltaA_b
124489,119,105,406,269,glutamate,SAF
124536,44,55,150,166,unclear,vDeltaM
124562,143,199,457,852,acetylcholine,FC2C
124659,159,275,734,1604,acetylcholine,hDeltaI
124948,77,68,234,235,unclear,vDeltaM
125114,152,207,375,548,glutamate,FB6S
125225,57,98,179,231,acetylcholine,FS4A
125272,125,185,247,503,acetylcholine,FS1B_a
125273,153,126,487,534,acetylcholine,PFNm_b
125294,90,127,336,469,acetylcholine,vDeltaC
125369,81,153,189,723,unclear,FB6L
125399,59,78,212,258,acetylcholine,vDeltaA_b
125443,99,199,454,615,glutamate,FB8F_b
125531,98,141,494,645,acetylcholine,vDeltaG
125566,84,126,146,304,acetylcholine,FS3_b
125592,80,110,249,223,acetylcholine,FS4C
125729,155,88,484,385,acetylcholine,PFNm_b
125940,104,86,224,196,acetylcholine,PFNp_b
126061,193,275,751,1695,acetylcholine,hDeltaI
126393,379,283,1774,699,glutamate,FB2F_d
126412,114,74,431,193,glutamate,FB9B_d
126426,73,62,779,409,glutamate,P6-8P9
126496,65,92,229,379,acetylcholine,vDeltaK
126699,85,121,163,231,acetylcholine,FS3_d
126963,91,125,443,632,acetylcholine,vDeltaI_a
127066,62,69,198,251,unclear,vDeltaL
127158,92,102,281,247,unclear,FS4A
127208,43,46,184,151,unclear,vDeltaM
127239,208,249,630,1286,glutamate,SIP124m
127422,119,148,506,773,acetylcholine,vDeltaF
127493,68,58,270,226,acetylcholine,vDeltaM
127510,105,160,346,728,acetylcholine,vDeltaD
127661,142,211,468,820,acetylcholine,FC2C
127690,157,220,747,541,glutamate,FB7C
128010,78,157,387,397,glutamate,FB9A
128164,99,140,286,417,glutamate,SA2_b
128516,131,190,712,1026,glutamate,FB6J
128552,72,82,472,399,acetylcholine,IbSpsP
128694,103,142,359,770,acetylcholine,vDeltaD
128738,51,54,232,225,unclear,vDeltaM
128825,210,289,889,671,glutamate,FB5B
129564,117,91,430,226,glutamate,FB9B_d
129715,123,82,568,497,acetylcholine,PFNa
129748,105,85,306,346,acetylcholine,PFNm_b
129772,61,100,207,353,acetylcholine,vDeltaL
129780,204,159,530,411,acetylcholine,FC3_b
129790,146,115,410,648,acetylcholine,FC1F
129936,141,195,558,979,acetylcholine,vDeltaF
129971,97,76,243,218,acetylcholine,PFNp_a
130007,170,110,564,715,acetylcholine,FC1B
130104,141,121,400,356,acetylcholine,FC1E
130122,185,231,633,537,glutamate,FB7M
130144,41,73,120,161,serotonin,FS4A
130175,359,273,1676,1017,glutamate,FB8G
130219,155,128,361,276,acetylcholine,SCL001m
130366,69,75,202,279,unclear,vDeltaL
130382,97,61,361,183,glutamate,FB9B_a
130460,92,116,377,455,acetylcholine,vDeltaC
130466,146,145,369,470,glutamate,SA3
130557,101,178,194,514,acetylcholine,FS3_c
130835,120,110,351,351,acetylcholine,FC1C_b
130897,60,65,208,237,unclear,vDeltaM
130971,158,269,669,1706,acetylcholine,hDeltaI
131124,88,86,426,381,acetylcholine,IbSpsP
131142,165,111,429,327,acetylcholine,PFNp_c
131221,114,159,410,585,acetylcholine,SMP016_b
131237,70,109,224,230,acetylcholine,FS4C
131273,146,234,938,1408,acetylcholine,FC2A
131313,265,338,2291,3649,acetylcholine,EPG
131537,157,134,438,477,acetylcholine,PFNp_c
131570,173,228,428,466,glutamate,FB8D
131734,100,215,455,692,glutamate,FB8F_b
131748,61,213,834,1522,unclear,FR1
131902,45,75,140,282,unclear,vDeltaL
131984,136,134,349,458,acetylcholine,FC1C_b
132121,102,168,490,662,acetylcholine,vDeltaH
132143,113,163,431,698,acetylcholine,vDeltaD
132371,75,106,224,253,acetylcholine,FS4C
132382,137,95,411,313,acetylcholine,PFNp_e
132482,142,199,411,890,acetylcholine,FC2C
132650,111,211,565,913,glutamate,FB7D_a
132828,168,124,487,462,acetylcholine,PFNp_c
132898,176,129,470,446,acetylcholine,PFNp_c
132995,85,138,326,638,acetylcholine,vDeltaC
133002,135,87,392,292,acetylcholine,PFNp_e
133079,97,69,249,209,acetylcholine,PFNp_a
133373,124,219,275,656,acetylcholine,FS1A_b
133390,68,87,181,313,unclear,vDeltaL
133601,453,526,4229,4520,glutamate,FB4X
133645,165,116,424,350,acetylcholine,PFNp_c
133712,51,51,225,212,unclear,vDeltaM
133846,95,134,326,468,acetylcholine,vDeltaC
133953,146,140,375,541,acetylcholine,FC1C_b
134100,92,145,281,484,acetylcholine,vDeltaJ
134107,93,231,264,668,acetylcholine,FS1A_a
134118,69,122,260,210,acetylcholine,FR2
134322,105,179,216,483,acetylcholine,FS1A_c
134390,179,129,549,443,acetylcholine,PFNp_c
134653,69,70,316,267,acetylcholine,vDeltaB
134768,86,62,220,227,acetylcholine,vDeltaA_a
134802,85,109,210,210,unclear,FS4A
134848,54,57,161,262,unclear,vDeltaM
135084,117,113,282,555,acetylcholine,FC1C_b
135201,90,72,163,165,unclear,PFNp_b
135453,130,127,411,504,acetylcholine,PFNm_a
135454,84,224,208,562,acetylcholine,FS1A_b
135721,90,146,460,663,acetylcholine,vDeltaH
136113,118,185,489,711,acetylcholine,vDeltaG
136159,180,205,829,1164,glutamate,FB5U
136469,97,158,233,402,acetylcholine,FS1B_b
136667,208,217,1154,867,glutamate,FB8G
136981,86,147,396,605,acetylcholine,vDeltaI_a
137084,128,154,480,726,acetylcholine,vDeltaG
137299,161,269,822,1608,acetylcholine,FC2A
137378,103,65,216,195,acetylcholine,vDeltaA_a
137597,99,149,412,636,acetylcholine,vDeltaI_a
137777,100,142,527,623,acetylcholine,vDeltaI_a
137936,115,92,265,191,glutamate,FB6S
137949,102,151,387,741,acetylcholine,vDeltaD
137990,178,259,556,1099,acetylcholine,FC2B
138011,91,201,233,501,acetylcholine,FS1A_a
138121,148,125,575,465,acetylcholine,FC1A
138167,93,96,378,412,acetylcholine,vDeltaB
138220,55,104,228,236,acetylcholine,FR2
138592,210,218,431,610,acetylcholine,FS1B_a
138785,97,81,234,233,acetylcholine,PFNp_e
139067,61,95,232,294,glutamate,FB9B_b
139382,146,198,570,629,glutamate,FB4A_a
139590,109,266,509,928,glutamate,FB8F_b
139612,113,90,307,184,acetylcholine,PFNp_b
139657,119,164,480,764,acetylcholine,vDeltaG
139763,179,185,473,683,acetylcholine,FC2C
139866,88,139,294,530,acetylcholine,vDeltaC
139925,117,193,309,468,acetylcholine,FS1A_a
140134,83,147,455,672,acetylcholine,vDeltaI_a
140308,71,86,105,204,unclear,PFNp_b
140436,70,67,348,201,acetylcholine,vDeltaA_b
140558,200,261,698,796,glutamate,FB4E_b
140609,162,129,517,490,acetylcholine,PFNp_c
140688,134,99,377,303,acetylcholine,PFNp_e
140727,147,138,356,435,glutamate,SA3
140787,161,245,634,1295,acetylcholine,FC2B
140794,146,252,491,1082,acetylcholine,FC2C
140820,378,239,1667,626,glutamate,FB2F_d
140831,82,69,298,189,acetylcholine,PFNp_a
140877,115,177,434,802,acetylcholine,vDeltaE
141044,96,78,275,273,acetylcholine,vDeltaA_a
141161,95,148,458,948,glutamate,FB4Z_c
141295,156,93,485,436,acetylcholine,PFNm_b
141430,148,203,451,743,acetylcholine,FC2C
141499,102,143,423,585,acetylcholine,vDeltaD
141515,19,31,167,447,acetylcholine,TuBu09
141939,122,176,508,847,acetylcholine,vDeltaE
142155,68,90,153,239,serotonin,FS4A
142427,89,67,297,196,acetylcholine,vDeltaA_a
142689,173,260,626,1491,acetylcholine,hDeltaI
142805,82,65,315,183,acetylcholine,vDeltaB
142911,126,150,470,653,acetylcholine,vDeltaE
143023,76,218,328,601,glutamate,FB8F_b
143106,88,77,321,204,acetylcholine,vDeltaB
143371,93,88,347,369,acetylcholine,vDeltaB
143387,80,146,283,522,acetylcholine,vDeltaI_b
143586,82,113,296,482,acetylcholine,vDeltaC
144052,91,59,224,182,acetylcholine,PFNp_a
144110,118,78,377,278,acetylcholine,PFNp_a
144163,141,85,379,264,acetylcholine,PFNp_e
144164,83,55,178,164,unclear,PFNp_b
144165,70,58,144,194,unclear,vDeltaA_a
144251,147,116,413,389,acetylcholine,PFNp_c
144488,134,132,308,474,acetylcholine,FC1C_a
144553,96,154,502,845,glutamate,FB6J
144604,119,249,232,872,acetylcholine,FS2
144697,109,70,255,297,acetylcholine,vDeltaA_a
144908,123,131,447,430,acetylcholine,vDeltaB
144997,138,161,294,660,acetylcholine,FC1C_a
145031,82,107,229,207,acetylcholine,FS4C
145037,57,77,187,245,acetylcholine,vDeltaK
145039,118,70,931,854,acetylcholine,PFNa
145195,88,151,250,600,unclear,FB5S
145229,123,160,442,642,glutamate,FB4Z_b
145234,71,70,129,188,unclear,PFNp_b
145408,38,59,154,191,unclear,vDeltaM
145530,91,133,363,544,acetylcholine,vDeltaI_b
145547,119,73,547,484,acetylcholine,PFNa
145592,122,215,232,745,acetylcholine,FS2
145879,142,179,553,856,acetylcholine,vDeltaE
145889,114,142,412,553,acetylcholine,vDeltaC
145920,80,151,248,670,unclear,FB6L
146172,71,94,201,215,unclear,FS4A
146190,63,107,161,222,acetylcholine,FR2
146261,111,205,207,598,acetylcholine,FS1A_b
146366,190,214,853,1106,glutamate,FB5U
146404,141,190,541,891,acetylcholine,vDeltaF
146524,132,234,252,707,acetylcholine,FS1A_c
146667,76,142,246,386,acetylcholine,FR2
146773,200,339,268,526,dopamine,PAM04
146988,93,76,213,171,unclear,PFNp_b
147036,81,64,168,162,acetylcholine,PFNp_a
147142,132,86,403,383,acetylcholine,PFNm_b
147151,99,114,359,407,acetylcholine,vDeltaB
147211,101,73,300,191,acetylcholine,PFNp_a
147267,59,96,174,167,acetylcholine,FS4C
147285,73,76,129,187,glutamate,SA1_b
147334,115,139,364,510,acetylcholine,vDeltaC
147399,138,126,306,487,acetylcholine,FC1C_b
147541,103,148,381,687,acetylcholine,vDeltaD
147570,246,195,779,686,glutamate,SMP723m
147665,140,173,517,734,acetylcholine,vDeltaF
147744,77,41,149,102,unclear,vDeltaA_a
147832,126,71,710,702,acetylcholine,PFNa
147909,107,95,217,224,unclear,PFNp_b
147925,109,167,257,483,acetylcholine,FS1B_a
147927,116,148,445,698,glutamate,FB4Z_a
147957,119,171,454,664,acetylcholine,vDeltaF
148054,80,125,290,515,acetylcholine,vDeltaD
148097,85,56,302,157,glutamate,FB9B_a
148117,62,64,188,193,unclear,vDeltaM
148220,143,147,277,295,acetylcholine,FS1B_b
148290,93,141,294,576,acetylcholine,vDeltaJ
148291,58,92,140,170,unclear,FS4B
148295,187,110,444,360,acetylcholine,PFNp_e
148416,69,59,261,168,acetylcholine,vDeltaB
148473,105,76,235,180,unclear,PFNp_b
148515,68,72,510,335,acetylcholine,IbSpsP
148694,83,95,339,365,glutamate,FB9B_d
148713,183,126,577,508,acetylcholine,PFNp_c
148726,198,204,682,902,glutamate,FB5R
148749,137,196,577,846,glutamate,FB5S
148789,209,179,1014,659,glutamate,FB8E
148829,116,179,259,463,acetylcholine,FS1A_b
148830,150,227,526,878,acetylcholine,FC2C
148833,61,94,216,167,acetylcholine,FS4C
148905,109,142,340,554,acetylcholine,vDeltaC
149088,113,178,217,460,acetylcholine,FS3_a
149160,136,146,348,455,acetylcholine,FC1C_a
149200,100,70,219,182,acetylcholine,PFNp_b
149414,136,126,426,479,acetylcholine,PFNm_a
149469,115,159,493,681,acetylcholine,vDeltaG
149501,143,102,554,606,acetylcholine,PFNm_b
149707,78,140,475,333,glutamate,FB9A
149740,151,232,598,1252,acetylcholine,FC2B
149817,79,113,315,528,acetylcholine,vDeltaD
149891,117,103,189,240,glutamate,FB5W_b
149966,86,134,312,455,acetylcholine,vDeltaI_b
150034,290,502,817,1021,dopamine,PAM09
150112,81,65,169,147,unclear,PFNp_b
150364,152,104,499,422,acetylcholine,PFNm_b
150382,49,65,98,166,unclear,PFNp_d
150434,39,71,145,176,unclear,FB9B_c
150450,110,86,322,242,acetylcholine,PFNp_e
150676,73,83,141,236,unclear,PFNp_b
150878,94,131,345,522,acetylcholine,vDeltaC
150957,125,162,659,945,glutamate,FB6J
151041,120,183,380,680,acetylcholine,vDeltaI_b
151050,102,138,250,528,unclear,FB4Z_b
151069,80,151,281,501,acetylcholine,vDeltaI_b
151100,102,151,251,477,glutamate,SA2_c
151341,79,88,230,347,acetylcholine,vDeltaL
151501,97,177,371,469,glutamate,FB9A
151502,93,121,319,582,acetylcholine,vDeltaC
151536,114,145,364,509,acetylcholine,vDeltaC
151537,68,73,202,277,unclear,vDeltaM
151618,126,134,519,375,glutamate,FB9A
151641,83,73,278,226,acetylcholine,PFNp_a
151739,161,251,568,1079,acetylcholine,FC2C
151777,111,162,457,742,acetylcholine,vDeltaF
151820,154,135,361,374,acetylcholine,FC1C_a
151904,83,125,213,391,acetylcholine,vDeltaJ
151927,69,111,214,221,acetylcholine,FS4C
151976,76,67,272,266,acetylcholine,vDeltaA_b
152120,107,200,204,537,acetylcholine,FS2
152133,73,127,211,250,acetylcholine,FS4C
152259,82,128,243,504,acetylcholine,vDeltaJ
152295,115,78,303,218,acetylcholine,vDeltaA_a
152338,101,144,338,517,acetylcholine,vDeltaC
152346,142,146,396,459,acetylcholine,FC1E
152649,105,90,232,196,acetylcholine,PFNp_b
152672,95,170,180,438,acetylcholine,FS1B_b
152687,81,129,455,687,acetylcholine,vDeltaI_a
152767,61,81,157,142,acetylcholine,FS4B
152776,114,96,304,252,acetylcholine,vDeltaA_a
152910,123,172,430,487,glutamate,FB9A
153318,108,76,255,204,acetylcholine,PFNp_b
153344,86,81,326,213,acetylcholine,vDeltaB
153367,98,81,252,229,acetylcholine,PFNp_b
153375,150,104,528,476,acetylcholine,PFNm_b
153424,72,59,171,187,unclear,vDeltaA_a
153440,116,113,390,254,glutamate,FB9C
153441,105,203,325,773,acetylcholine,FC2C
153527,44,113,147,257,acetylcholine,FS4A
153543,108,70,319,243,acetylcholine,PFNp_a
153558,146,184,454,698,acetylcholine,FC2C
153927,107,129,266,273,acetylcholine,FS1B_b
153928,104,117,307,261,glutamate,FB9C
153938,101,177,212,546,acetylcholine,FS1A_c
153999,135,196,703,992,glutamate,FB5S
154212,174,195,656,875,glutamate,FB5R
154239,102,82,263,222,acetylcholine,PFNp_b
154293,123,192,474,770,acetylcholine,vDeltaG
154386,229,211,896,664,glutamate,FB8A
154646,114,184,238,468,acetylcholine,FS1A_b
154748,72,68,205,171,acetylcholine,PFNp_a
154764,73,191,366,696,glutamate,FB8F_b
154816,99,113,311,456,acetylcholine,vDeltaK
154825,83,114,335,253,glutamate,FB9C
154955,123,89,270,222,unclear,PFNp_b
155188,123,174,524,919,glutamate,FB4Z_a
155194,70,122,180,284,acetylcholine,FR2
155214,73,81,334,291,acetylcholine,vDeltaA_b
155238,135,103,377,346,acetylcholine,PFNm_a
155275,135,218,248,635,acetylcholine,FS2
155286,59,73,204,332,unclear,vDeltaL
155307,67,69,115,164,unclear,PFNp_b
155385,134,107,423,416,acetylcholine,PFNm_a
155619,108,168,229,449,acetylcholine,FS1A_b
155668,108,160,425,820,acetylcholine,vDeltaD
155691,83,117,302,452,acetylcholine,vDeltaC
155872,137,117,368,378,acetylcholine,FC1D
155930,116,82,263,196,unclear,PFNp_b
156005,94,148,179,381,acetylcholine,FS3_b
156045,69,97,130,287,acetylcholine,FS4A
156116,87,72,195,198,acetylcholine,PFNp_b
156190,129,205,707,1023,glutamate,FB5S
156221,57,92,147,222,unclear,FS4A
156233,112,184,409,443,glutamate,FB9C
156380,76,139,179,349,unclear,FS4A
156453,122,224,242,805,acetylcholine,FS2
156581,76,80,137,180,unclear,PFNp_b
156696,136,113,413,466,acetylcholine,PFNm_b
156699,99,63,202,187,unclear,PFNp_b
156843,92,68,220,174,acetylcholine,PFNp_b
156876,64,121,166,267,acetylcholine,FS4C
156955,110,174,204,455,acetylcholine,FS1A_c
156962,15,56,108,463,acetylcholine,TuBu07
156986,104,174,200,426,acetylcholine,FS2
157170,78,49,202,147,acetylcholine,PFNp_a
157201,77,55,269,161,acetylcholine,vDeltaA_b
157558,77,75,285,261,acetylcholine,vDeltaB
157584,63,110,151,320,acetylcholine,FR2
157585,96,138,200,318,acetylcholine,FS1B_b
157644,72,92,294,322,glutamate,FB9B_b
157652,123,132,233,343,acetylcholine,FS3_a
157670,54,90,185,199,acetylcholine,FS4A
157747,96,59,186,135,unclear,PFNp_b
157821,68,104,344,353,glutamate,FB9B_b
157838,58,117,200,310,acetylcholine,FR2
157931,76,97,262,234,acetylcholine,FS4A
157936,74,56,179,138,unclear,vDeltaA_a
157950,74,75,286,205,acetylcholine,vDeltaB
158003,112,80,240,184,acetylcholine,PFNp_b
158145,54,58,126,106,acetylcholine,FS4B
158252,73,159,185,415,acetylcholine,FR2
158352,80,79,251,318,unclear,vDeltaL
158363,147,157,346,522,acetylcholine,FC
158417,97,80,220,244,acetylcholine,PFNp_b
158552,127,85,333,260,acetylcholine,PFNp_e
158562,59,105,172,340,acetylcholine,vDeltaJ
158590,97,171,196,502,acetylcholine,FS3_c
158596,86,88,184,215,acetylcholine,PFNp_b
158622,58,78,174,258,unclear,vDeltaL
158691,146,212,278,734,acetylcholine,FS2
158774,65,99,258,384,acetylcholine,vDeltaK
158908,89,132,227,332,glutamate,FB9C
158958,46,47,107,93,unclear,PFNp_d
159021,113,159,181,489,acetylcholine,FS3_c
159201,61,118,186,273,acetylcholine,FR2
159252,81,117,302,371,acetylcholine,vDeltaC
159401,141,206,244,762,acetylcholine,FS2
159635,186,107,471,321,acetylcholine,PFNp_c
159660,86,103,339,297,acetylcholine,vDeltaB
159766,82,64,289,242,acetylcholine,PFNp_a
159797,91,90,248,266,acetylcholine,vDeltaA_a
159849,128,177,238,476,acetylcholine,FS3_a
159866,115,155,347,666,glutamate,FB4Z_b
159950,76,59,182,175,acetylcholine,PFNp_a
159956,111,85,254,302,acetylcholine,vDeltaA_a
159958,123,175,248,520,acetylcholine,FS3_a
160024,117,143,372,657,acetylcholine,vDeltaE
160026,65,72,206,128,acetylcholine,FS4B
160143,48,53,107,142,unclear,vDeltaA_a
160209,93,118,274,293,acetylcholine,FS4C
160253,76,121,213,378,acetylcholine,vDeltaI_b
160287,85,55,207,149,acetylcholine,vDeltaA_a
160355,78,130,295,371,acetylcholine,FR2
160425,92,134,202,234,acetylcholine,FS4C
160427,116,147,245,266,acetylcholine,FS1B_b
160441,91,138,380,603,acetylcholine,vDeltaI_a
160445,54,67,100,189,unclear,PFNp_a
160453,122,167,208,438,acetylcholine,FS3_c
160503,87,62,196,160,acetylcholine,PFNp_a
160742,24,52,44,90,unclear,FS4B
160818,43,41,155,142,unclear,vDeltaM
160829,64,65,132,155,unclear,PFNp_b
160831,91,119,264,221,acetylcholine,FS4C
160865,90,106,258,229,glutamate,FB9C
161028,88,67,277,239,acetylcholine,PFNp_a
161038,73,105,279,444,acetylcholine,vDeltaK
161080,80,133,143,351,acetylcholine,FS3_c
161155,68,85,271,362,acetylcholine,vDeltaK
161333,77,69,246,184,acetylcholine,vDeltaA_a
161462,88,124,325,432,acetylcholine,vDeltaC
161574,120,158,232,384,acetylcholine,FS1A_c
161641,121,198,208,674,acetylcholine,FS2
161646,51,57,171,223,unclear,vDeltaM
161730,70,82,140,196,acetylcholine,FS3_d
162006,95,64,259,175,acetylcholine,PFNp_a
162061,70,49,155,155,unclear,vDeltaA_a
162128,100,137,389,288,glutamate,FB9C
162135,51,68,237,330,unclear,vDeltaM
162148,114,67,329,245,unclear,vDeltaA_a
162170,78,60,150,178,acetylcholine,PFNp_d
162206,46,91,138,305,unclear,vDeltaK
162211,184,252,1028,777,glutamate,FB5Z
162290,57,77,218,342,acetylcholine,vDeltaL
162458,52,60,93,136,unclear,PFNp_b
162496,80,138,216,470,glutamate,SA1_a
162599,97,133,419,622,glutamate,FB4Z_a
162680,101,155,214,392,acetylcholine,FS3_a
162733,125,244,286,917,acetylcholine,FS2
162861,77,80,145,222,unclear,PFNp_b
162882,123,87,308,197,acetylcholine,PFNp_b
162909,135,151,285,521,acetylcholine,FS3
162917,94,74,179,157,unclear,PFNp_b
163081,75,118,119,333,acetylcholine,FS3_d
163253,62,55,204,144,acetylcholine,PFNp_a
163279,55,97,219,412,acetylcholine,vDeltaK
163351,133,183,458,820,acetylcholine,vDeltaF
163353,74,116,134,286,acetylcholine,FS3_b
163407,64,62,283,185,acetylcholine,vDeltaB
163602,103,182,310,827,unclear,FB6L
163633,93,78,224,188,unclear,PFNp_b
163640,105,207,168,650,acetylcholine,FS2
163675,75,68,221,165,acetylcholine,vDeltaA_b
163733,55,100,166,351,acetylcholine,vDeltaK
163748,91,82,291,218,acetylcholine,PFNp_a
163832,121,71,379,273,acetylcholine,PFNm_b
163929,124,203,209,715,acetylcholine,FS2
164050,61,70,226,368,unclear,vDeltaL
164057,102,80,175,197,unclear,PFNp_b
164104,60,86,110,210,acetylcholine,FS3_d
164124,53,62,135,206,unclear,vDeltaK
164158,92,70,199,162,acetylcholine,PFNp_b
164170,50,74,96,130,unclear,FS4B
164224,171,121,504,533,acetylcholine,PFNm_a
164248,109,79,215,192,unclear,PFNp_b
164254,94,159,152,407,acetylcholine,FS2
164287,83,68,261,204,acetylcholine,vDeltaA_b
164318,78,68,189,160,acetylcholine,PFNp_a
164466,54,86,182,302,unclear,vDeltaK
164504,82,77,276,283,acetylcholine,vDeltaM
164791,64,103,120,292,acetylcholine,FS3_d
164808,66,73,141,205,unclear,PFNp_a
164853,37,106,133,225,acetylcholine,FS4B
164856,124,187,248,606,acetylcholine,FS2
164863,103,171,435,978,glutamate,FB4Z_a
164922,92,80,240,211,acetylcholine,vDeltaA_a
165017,47,83,147,259,unclear,FS4A
165145,105,87,238,197,acetylcholine,PFNp_b
165152,93,194,244,507,acetylcholine,FS1A_a
165160,90,75,343,249,acetylcholine,vDeltaB
165208,118,192,295,549,acetylcholine,FS1A_b
165227,126,187,418,740,acetylcholine,vDeltaE
165374,60,100,221,351,acetylcholine,vDeltaK
165485,46,86,170,277,unclear,vDeltaK
165623,76,93,253,403,acetylcholine,vDeltaK
165646,77,77,208,266,acetylcholine,vDeltaK
165700,76,68,130,143,unclear,PFNp_b
165754,78,126,178,254,unclear,FS4A
165774,84,79,164,194,unclear,PFNp_b
165868,57,101,190,339,acetylcholine,vDeltaK
166071,110,89,264,214,unclear,PFNp_b
166236,106,70,322,221,acetylcholine,PFNp_a
166246,51,64,163,194,glutamate,FB9B_c
166266,84,134,152,333,acetylcholine,FS3_c
166333,82,110,243,189,acetylcholine,FS4C
166439,60,75,199,236,unclear,vDeltaM
166564,59,53,240,228,unclear,vDeltaM
166595,108,90,282,269,acetylcholine,PFNp_b
166767,83,68,203,186,acetylcholine,PFNp_a
166794,120,92,417,264,acetylcholine,PFNp_a
166967,51,66,87,193,unclear,PFNp_d
166976,110,148,400,914,glutamate,FB4Z_c
167155,95,135,377,613,acetylcholine,vDeltaD
167173,82,92,172,201,serotonin,FS4A
167231,52,81,156,296,unclear,vDeltaK
167339,78,64,171,174,unclear,PFNp_b
167394,66,69,120,146,unclear,PFNp_b
167648,65,107,222,388,acetylcholine,vDeltaL
167712,90,75,175,160,unclear,PFNp_b
167799,72,69,119,137,unclear,PFNp_b
167903,121,155,261,453,acetylcholine,FS3_a
167908,63,70,226,282,unclear,vDeltaM
167931,52,67,149,180,acetylcholine,PFNp_d
168043,123,100,322,352,acetylcholine,PFNp_b
168102,75,95,204,207,unclear,FS4A
168182,128,85,275,218,acetylcholine,vDeltaA_a
168294,52,59,125,227,unclear,vDeltaL
168378,71,54,223,129,acetylcholine,vDeltaA_b
168400,53,86,194,342,acetylcholine,vDeltaL
168481,72,98,219,199,acetylcholine,FR2
168535,80,73,247,234,acetylcholine,vDeltaA_b
168653,57,79,159,288,unclear,vDeltaL
168680,73,72,252,241,unclear,vDeltaM
168683,47,92,111,184,acetylcholine,FS4A
168823,50,107,124,290,acetylcholine,FS4A
168836,54,98,136,259,unclear,FR2
168875,41,44,122,75,unclear,FB9B_e
169061,59,53,270,163,acetylcholine,vDeltaM
169090,59,59,159,125,unclear,FS4A
169143,66,66,123,152,unclear,PFNp_b
169145,120,218,212,717,acetylcholine,FS2
169158,67,53,127,132,unclear,PFNp_d
169169,73,71,245,154,acetylcholine,vDeltaA_a
169192,111,84,303,290,acetylcholine,PFNp_b
169226,115,213,195,630,acetylcholine,FS2
169272,100,62,186,140,acetylcholine,PFNp_b
169365,100,168,184,465,acetylcholine,FS3_c
169508,67,52,283,130,acetylcholine,vDeltaA_b
169667,109,92,252,316,acetylcholine,PFNm_b
169821,52,94,201,390,acetylcholine,vDeltaL
169954,97,75,316,252,acetylcholine,vDeltaA_b
169985,74,89,254,343,acetylcholine,vDeltaK
170133,135,156,248,360,acetylcholine,FS3_a
170139,79,51,246,143,acetylcholine,vDeltaA_b
170246,79,73,140,161,unclear,PFNp_b
170356,77,61,263,249,unclear,vDeltaM
170385,134,84,333,273,acetylcholine,PFNp_e
170407,136,193,525,1389,glutamate,FB4Z_c
170454,38,66,140,164,unclear,FB9B_c
170458,59,85,190,307,unclear,vDeltaK
170528,70,72,130,149,unclear,PFNp_b
170539,141,222,905,1405,acetylcholine,FC2A
170777,106,87,296,310,acetylcholine,vDeltaA_a
170798,67,60,190,246,unclear,vDeltaL
170829,78,125,277,275,acetylcholine,FR2
170838,58,96,165,236,acetylcholine,FS4A
170865,100,68,281,181,acetylcholine,PFNp_a
170981,81,81,241,193,acetylcholine,vDeltaA_a
171009,114,180,199,515,acetylcholine,FS2
171053,41,72,192,277,acetylcholine,vDeltaK
171066,76,86,344,292,acetylcholine,vDeltaB
171142,96,78,215,222,acetylcholine,PFNp_b
171227,48,38,172,140,unclear,vDeltaM
171324,122,81,264,187,acetylcholine,PFNp_b
171367,70,87,256,336,acetylcholine,vDeltaM
171389,110,76,296,220,acetylcholine,vDeltaA_a
171392,75,105,369,443,acetylcholine,vDeltaB
171455,152,208,251,705,acetylcholine,FS2
171511,81,85,323,277,acetylcholine,vDeltaB
171554,53,80,178,290,unclear,vDeltaL
171575,87,128,193,327,acetylcholine,FS1B_a
171579,97,125,317,444,acetylcholine,vDeltaC
171584,118,80,279,214,acetylcholine,vDeltaA_a
171585,78,70,313,237,acetylcholine,vDeltaB
171676,57,100,162,355,unclear,vDeltaL
171780,64,101,193,193,acetylcholine,FR2
171804,91,62,272,153,acetylcholine,PFNp_a
171862,112,74,374,277,acetylcholine,PFNp_a
171879,117,198,183,517,acetylcholine,FS2
171881,66,84,210,377,unclear,vDeltaK
171935,100,150,185,407,acetylcholine,FS2
172013,44,74,73,118,acetylcholine,FS4B
172128,109,61,295,139,acetylcholine,vDeltaA_a
172232,76,48,347,135,acetylcholine,vDeltaA_b
172349,97,128,211,338,acetylcholine,FS1B_b
172429,52,104,120,213,acetylcholine,FS3_d
172442,62,96,216,436,acetylcholine,vDeltaL
172508,107,89,251,184,unclear,PFNp_b
172614,94,103,262,213,serotonin,FS4A
172625,42,57,118,97,unclear,FB9B_e
172666,124,211,558,1312,glutamate,FB4Z_a
172829,109,81,255,210,acetylcholine,PFNp_b
172908,71,117,137,276,acetylcholine,FS3_d
173003,45,83,162,256,unclear,vDeltaK
173006,59,74,140,134,acetylcholine,FS4B
173025,45,91,139,201,acetylcholine,FS4A
173055,134,120,398,461,acetylcholine,PFNm_a
173097,116,83,270,254,acetylcholine,vDeltaA_a
173160,87,134,326,514,acetylcholine,vDeltaC
173198,93,71,261,239,unclear,vDeltaA_a
173205,92,112,183,340,unclear,FB5R
173257,70,54,162,144,acetylcholine,PFNp_d
173292,62,44,206,183,unclear,vDeltaM
173503,72,90,223,180,acetylcholine,FS4C
173511,93,106,174,289,acetylcholine,FS3_d
173565,112,70,349,252,acetylcholine,PFNp_a
173604,98,125,174,282,acetylcholine,FS3_a
173672,82,68,177,180,acetylcholine,PFNp_b
173725,116,174,475,878,acetylcholine,vDeltaF
173749,96,51,243,131,acetylcholine,vDeltaA_b
173853,92,138,163,390,acetylcholine,FS3_b
173868,101,64,256,180,acetylcholine,PFNp_a
173877,50,57,147,250,unclear,vDeltaM
173979,58,89,128,157,acetylcholine,FS4B
174035,100,97,372,317,acetylcholine,vDeltaB
174168,84,106,194,357,acetylcholine,vDeltaJ
174241,58,134,160,339,acetylcholine,FS4C
174299,54,88,188,387,acetylcholine,vDeltaK
174319,109,199,224,564,acetylcholine,FS2
174342,57,68,164,228,unclear,vDeltaK
174350,109,195,239,604,acetylcholine,FS1A_c
174381,55,75,135,134,acetylcholine,FS4C
174511,135,87,356,273,acetylcholine,PFNp_e
174514,68,88,225,337,acetylcholine,vDeltaK
174567,64,68,244,284,unclear,vDeltaL
174569,90,81,164,192,unclear,PFNp_b
174630,59,92,179,192,acetylcholine,FS4B
174644,92,80,223,275,acetylcholine,vDeltaA_a
174667,82,107,227,242,serotonin,FS4A
174777,65,65,219,269,unclear,vDeltaM
174789,113,90,240,206,unclear,PFNp_b
174792,54,74,166,268,unclear,vDeltaL
175169,54,59,226,225,unclear,vDeltaM
175174,59,91,190,352,unclear,vDeltaL
175188,68,117,190,240,unclear,FS4A
175200,75,70,269,207,acetylcholine,PFNp_a
175309,96,94,240,216,acetylcholine,PFNp_b
175340,63,60,180,245,unclear,vDeltaM
175360,82,111,181,236,acetylcholine,FS4A
175504,85,117,289,311,acetylcholine,vDeltaB
175628,37,79,86,174,acetylcholine,FS4A
175680,93,53,154,117,unclear,PFNp_b
175704,60,55,184,137,unclear,vDeltaA_b
175775,83,166,137,364,acetylcholine,FS3_a
175842,77,67,179,163,acetylcholine,PFNp_a
176231,67,98,201,215,acetylcholine,FS4C
176297,107,78,275,204,acetylcholine,vDeltaA_a
176343,93,68,241,179,unclear,PFNp_b
176438,86,58,172,247,acetylcholine,vDeltaA_a
176534,106,77,269,244,acetylcholine,vDeltaA_a
176645,72,70,160,147,acetylcholine,PFNp_d
176721,48,84,149,296,unclear,vDeltaK
176873,56,56,174,190,unclear,vDeltaM
176934,58,62,152,196,unclear,vDeltaA_a
176956,77,47,292,130,acetylcholine,vDeltaA_b
176983,74,123,112,305,unclear,FS3_c
177129,73,52,174,212,unclear,vDeltaM
177137,92,124,218,249,acetylcholine,FS1B_b
177153,103,69,265,251,acetylcholine,PFNm_b
177278,50,83,193,296,unclear,vDeltaL
177539,105,145,203,402,acetylcholine,FS3_b
177548,79,88,142,222,unclear,PFNp_b
177642,77,79,260,251,acetylcholine,PFNp_a
177658,71,129,172,297,unclear,FS4A
177705,60,77,207,381,unclear,vDeltaM
177717,109,83,390,238,acetylcholine,PFNp_a
177756,67,88,187,257,unclear,vDeltaM
177762,161,124,579,561,acetylcholine,PFNm_a
177962,84,66,185,173,unclear,PFNp_b
178022,55,123,167,296,acetylcholine,FS4A
178092,91,68,166,173,unclear,PFNp_b
178115,107,79,312,233,acetylcholine,PFNp_b
178181,100,79,269,249,acetylcholine,PFNp_b
178234,45,91,204,390,unclear,vDeltaM
178236,95,136,167,351,acetylcholine,FS3_d
178237,127,132,237,368,acetylcholine,FS3_b
178252,54,67,91,137,unclear,FS3_d
178346,85,85,168,237,acetylcholine,PFNp_b
178455,555,377,2823,1345,acetylcholine,CRE005
178552,68,93,146,218,acetylcholine,FS4A
178567,37,65,107,175,unclear,vDeltaK
178620,52,49,122,172,unclear,vDeltaA_b
178668,124,218,218,591,acetylcholine,FS2
178714,84,67,198,192,acetylcholine,vDeltaA_b
178721,90,148,129,399,acetylcholine,FS3_c
178760,77,54,250,126,acetylcholine,vDeltaA_b
178839,101,70,269,190,acetylcholine,PFNp_a
178957,105,79,273,239,acetylcholine,vDeltaA_a
178976,86,51,192,119,unclear,vDeltaA_a
179051,82,73,331,270,acetylcholine,vDeltaB
179073,88,57,170,190,unclear,vDeltaA_a
179081,36,44,82,96,unclear,FB9B_e
179090,50,68,91,145,unclear,PFNp_d
179121,72,43,121,110,unclear,vDeltaA_a
179200,104,77,258,183,acetylcholine,PFNp_b
179246,91,181,158,505,acetylcholine,FS2
179308,50,47,83,115,unclear,PFNp_d
179432,41,74,72,152,unclear,FS4B
179453,89,76,216,213,acetylcholine,vDeltaA_a
179523,84,78,259,285,unclear,vDeltaA_a
179605,66,105,111,246,unclear,FS3_d
179749,73,76,278,345,acetylcholine,vDeltaM
179771,94,81,207,188,acetylcholine,PFNp_b
180020,115,99,224,237,unclear,PFNp_b
180064,79,83,246,353,acetylcholine,vDeltaL
180075,95,65,176,146,unclear,PFNp_b
180111,99,152,190,420,acetylcholine,FS3_a
180207,101,142,202,364,acetylcholine,FS1B_a
180368,78,59,301,181,acetylcholine,vDeltaA_b
180461,90,85,199,219,acetylcholine,PFNp_b
180542,128,92,264,340,acetylcholine,vDeltaA_a
180783,58,119,91,247,unclear,FS3_d
181096,66,142,164,335,unclear,FS4A
181099,105,188,183,591,acetylcholine,FS2
181149,80,63,171,151,unclear,PFNp_a
181296,59,85,182,299,unclear,vDeltaL
181476,67,109,127,237,acetylcholine,FS3_d
181510,47,53,67,104,unclear,vDeltaA_a
181511,118,80,277,247,acetylcholine,PFNp_a
181512,54,71,256,280,unclear,vDeltaM
181513,73,68,179,173,acetylcholine,PFNp_a
181566,65,62,196,164,acetylcholine,vDeltaA_a
181584,114,87,256,272,acetylcholine,vDeltaA_a
181891,71,79,205,209,acetylcholine,PFNp_b
181953,68,63,171,148,unclear,PFNp_a
182003,72,127,162,320,acetylcholine,FS3_b
182048,130,93,277,315,acetylcholine,vDeltaA_a
182052,61,98,110,174,acetylcholine,FS4B
182236,47,49,151,175,unclear,vDeltaM
182250,68,84,173,164,acetylcholine,FS4A
182269,135,117,526,556,acetylcholine,PFNm_b
182290,56,49,240,175,acetylcholine,vDeltaA_b
182391,54,88,138,168,serotonin,FS4B
182773,100,66,222,189,acetylcholine,PFNp_b
182824,62,79,94,188,unclear,PFNp_b
183054,98,76,237,210,acetylcholine,PFNp_b
183111,91,77,220,244,acetylcholine,vDeltaA_a
183446,50,71,77,150,unclear,PFNp_d
183471,42,50,70,123,unclear,PFNp_d
183579,48,88,145,299,unclear,vDeltaK
183634,118,92,263,199,unclear,PFNp_b
183656,44,60,179,219,unclear,vDeltaM
183789,66,98,203,360,acetylcholine,vDeltaK
183813,64,64,113,187,unclear,PFNp_d
183874,104,74,188,180,unclear,PFNp_b
184227,96,82,200,217,acetylcholine,PFNp_b
184274,72,53,133,109,unclear,PFNp_b
184426,58,59,203,184,unclear,vDeltaM
184446,91,146,377,687,glutamate,FB4Z_a
184456,91,133,167,336,acetylcholine,FS3_b
184476,96,75,230,265,acetylcholine,vDeltaA_a
184662,89,122,164,325,acetylcholine,FS3_b
184745,88,78,246,197,acetylcholine,PFNp_a
184788,40,83,137,172,acetylcholine,FS4A
184914,78,54,170,118,acetylcholine,PFNp_a
185024,43,105,101,272,acetylcholine,FS4A
185098,66,62,246,148,acetylcholine,PFNp_a
185203,91,85,187,190,unclear,PFNp_b
185216,63,64,147,169,unclear,PFNp_d
185332,88,66,171,162,unclear,PFNp_b
185447,96,67,211,160,unclear,PFNp_b
185635,95,74,212,172,acetylcholine,PFNp_b
185711,91,53,292,145,acetylcholine,vDeltaA_b
185797,92,68,252,234,acetylcholine,vDeltaA_a
185836,80,69,244,254,acetylcholine,vDeltaA_a
185934,89,60,166,140,unclear,PFNp_b
186014,75,59,146,145,unclear,PFNp_b
186070,102,59,217,136,unclear,PFNp_b
186163,105,66,222,176,unclear,PFNp_b
186295,72,59,213,171,acetylcholine,PFNp_a
186378,65,64,203,124,unclear,vDeltaA_b
186592,68,94,148,282,acetylcholine,PFNp_a
186813,84,67,209,176,acetylcholine,PFNp_a
186822,93,74,226,241,acetylcholine,vDeltaA_a
186896,41,78,191,373,unclear,vDeltaK
186900,85,75,263,180,acetylcholine,vDeltaA_a
187052,75,51,130,101,unclear,PFNp_b
187078,67,63,270,211,acetylcholine,vDeltaM
187098,86,66,205,194,acetylcholine,vDeltaA_a
187211,100,70,187,181,acetylcholine,PFNp_b
187227,58,64,130,110,acetylcholine,FS4B
187351,37,78,48,181,unclear,FS3_d
187401,75,64,298,185,acetylcholine,vDeltaA_b
188199,75,58,303,202,acetylcholine,vDeltaA_b
188280,101,142,367,590,acetylcholine,vDeltaD
188325,57,122,109,328,unclear,FS3_b
188466,56,108,130,227,unclear,FS4A
188519,66,119,222,255,acetylcholine,FR2
188526,44,66,88,188,unclear,PFNp_d
188659,66,76,254,192,acetylcholine,vDeltaA_b
188720,64,65,223,195,acetylcholine,PFNp_a
188823,67,84,185,312,acetylcholine,vDeltaK
189011,98,139,186,517,acetylcholine,FS2
189054,101,81,194,169,unclear,PFNp_b
189055,50,46,123,102,unclear,PFNp_d
189203,48,76,167,236,unclear,vDeltaK
189258,61,98,136,186,acetylcholine,FS3_d
189356,60,90,147,223,acetylcholine,FS4A
189526,85,127,206,317,unclear,FS4A
189608,72,95,174,187,unclear,FS4A
189634,97,67,193,179,unclear,PFNp_b
189718,35,71,121,126,unclear,FS4A
189905,92,63,166,147,unclear,PFNp_b
189926,106,72,230,220,unclear,PFNp_b
189949,88,57,259,168,acetylcholine,PFNp_a
189993,74,65,189,180,unclear,vDeltaA_a
190020,276,449,1059,1576,acetylcholine,SMP714m
190073,89,73,206,168,acetylcholine,PFNp_b
190098,105,71,204,167,unclear,PFNp_b
190208,57,49,180,149,unclear,vDeltaM
190295,60,52,163,160,unclear,vDeltaA_a
190325,63,97,101,230,unclear,FS3_d
190400,95,76,171,183,acetylcholine,PFNp_b
190416,68,94,112,198,acetylcholine,FS3_d
190589,69,100,182,262,acetylcholine,FS4C
190783,57,55,124,142,unclear,vDeltaA_a
190935,90,61,247,166,acetylcholine,PFNp_a
191259,64,67,147,136,unclear,PFNp_d
191479,92,74,305,233,acetylcholine,PFNp_a
191537,102,103,200,249,unclear,PFNp_b
191542,108,71,242,165,acetylcholine,PFNp_b
191593,94,86,253,241,acetylcholine,vDeltaA_a
191647,98,76,205,184,unclear,PFNp_b
191658,62,69,117,192,unclear,PFNp_d
191750,53,89,197,382,unclear,vDeltaL
191842,58,75,106,223,unclear,PFNp_d
191925,55,95,168,237,serotonin,FS4A
191926,43,67,128,175,unclear,vDeltaM
192086,74,124,184,247,acetylcholine,FS4A
192098,63,59,224,233,unclear,vDeltaM
192268,83,67,173,147,unclear,PFNp_a
192382,56,51,124,115,unclear,PFNp_b
192491,53,75,91,164,unclear,vDeltaA_a
192595,52,88,121,176,unclear,FS4A
192705,48,94,134,203,acetylcholine,FS4A
192736,79,65,172,148,unclear,vDeltaA_a
193075,50,86,82,168,acetylcholine,FS4B
193259,59,88,184,307,unclear,vDeltaK
193364,41,76,112,278,unclear,vDeltaL
193573,77,71,134,183,unclear,vDeltaA_a
193682,51,57,109,153,unclear,PFNp_d
193713,95,71,251,177,unclear,PFNp_b
193942,64,138,155,304,unclear,FS4A
193965,92,56,206,148,acetylcholine,PFNp_a
194050,56,107,121,208,acetylcholine,FS4B
194136,39,52,62,145,unclear,vDeltaA_a
194176,78,117,147,279,acetylcholine,FS3_b
194305,44,44,69,109,unclear,vDeltaA_a
194333,94,66,213,162,acetylcholine,PFNp_b
194350,99,77,205,175,acetylcholine,PFNp_b
194486,57,102,98,242,unclear,FS3_d
194491,150,111,523,590,acetylcholine,PFNm_a
194511,94,63,178,145,unclear,PFNp_b
194601,70,81,156,162,acetylcholine,PFNp_b
194604,97,55,191,140,acetylcholine,PFNp_b
194655,128,199,223,689,acetylcholine,FS2
194727,91,71,226,235,acetylcholine,vDeltaA_a
194795,76,74,117,198,unclear,PFNp_b
195138,58,60,137,158,unclear,PFNp_d
195150,159,97,437,329,acetylcholine,PFNp_e
195151,58,68,100,137,unclear,PFNp_b
195467,82,70,168,163,unclear,PFNp_b
195587,54,65,104,164,unclear,PFNp_d
195664,101,84,263,198,acetylcholine,PFNp_a
195816,48,40,145,121,unclear,
196031,7,6,7,9,unclear,FB
196104,55,65,113,153,unclear,PFNp_b
196199,55,108,161,261,acetylcholine,FS4A
196296,101,78,199,164,acetylcholine,PFNp_b
196388,48,78,161,282,unclear,vDeltaL
196397,82,61,232,159,acetylcholine,PFNp_a
196482,134,127,475,309,glutamate,SA3
196662,94,80,175,163,unclear,PFNp_b
196901,108,191,180,511,acetylcholine,FS3_c
197172,79,57,125,139,unclear,PFNp_b
197180,58,85,182,168,unclear,FS4A
197321,54,71,113,198,unclear,PFNp_b
197565,88,137,186,317,acetylcholine,FS3_b
197575,59,108,100,253,unclear,FS3_d
197863,48,102,132,200,acetylcholine,FS4A
198030,76,50,139,172,unclear,vDeltaA_a
198031,58,51,110,122,unclear,PFNp_d
198243,51,51,192,172,unclear,vDeltaM
198252,37,26,58,71,unclear,vDeltaA_a
198364,62,76,92,169,unclear,FS3_d
198844,71,78,112,191,unclear,PFNp_b
199106,42,64,56,129,unclear,FS3_d
199436,91,128,238,384,glutamate,SA1_b
199798,166,106,419,410,acetylcholine,PFNp_c
199972,105,69,216,254,acetylcholine,vDeltaA_a
200208,75,77,133,191,unclear,PFNp_b
200284,549,573,4983,7438,gaba,LAL040
200345,55,60,118,166,unclear,PFNp_d
200627,87,63,267,189,acetylcholine,PFNp_a
200851,93,72,220,193,acetylcholine,vDeltaA_a
200962,68,88,102,191,unclear,FS3_d
201759,65,126,165,270,acetylcholine,FS4A
201774,54,49,132,141,unclear,vDeltaA_a
201797,46,55,106,177,unclear,PFNp_d
201868,49,64,75,147,unclear,FS4B
202238,53,57,97,153,unclear,PFNp_d
202506,111,68,317,200,acetylcholine,PFNp_a
203142,83,67,159,150,unclear,PFNp_b
203227,37,59,61,117,unclear,FS3_d
203801,50,82,115,146,serotonin,FS4B
204229,65,86,99,163,unclear,FS3_d
204447,66,116,193,244,unclear,FS4A
204540,78,70,194,181,acetylcholine,PFNp_b
204770,85,54,166,160,unclear,vDeltaA_a
204879,41,40,122,130,unclear,vDeltaM
205330,89,102,149,237,acetylcholine,FS3_d
206573,72,113,147,244,acetylcholine,FS4A
208105,56,80,103,193,unclear,FS4B
208160,79,122,298,396,glutamate,SA2_b
208881,25,75,32,168,unclear,FS3
209528,71,80,199,290,acetylcholine,vDeltaK
209643,59,76,135,160,acetylcholine,FS4C
209767,83,59,193,184,acetylcholine,vDeltaA_a
210166,54,51,142,123,unclear,PFNp_d
210246,70,73,236,312,unclear,vDeltaM
210391,20,50,23,102,unclear,FS3_d
210510,51,97,131,231,unclear,FS4A
210840,96,81,209,228,acetylcholine,PFNp_b
211310,93,79,192,205,unclear,PFNp_b
211994,96,72,195,197,acetylcholine,PFNp_b
212370,94,77,156,175,unclear,PFNp_b
212879,125,202,268,550,acetylcholine,FS1A_b
214925,22,54,23,110,unclear,FS3_d
215284,190,236,832,618,glutamate,FB6R
216592,117,115,310,291,glutamate,FB9C
216873,73,70,174,204,unclear,vDeltaA_a
217691,108,75,213,165,unclear,PFNp_b
219656,96,105,271,285,glutamate,SA1_b
220958,247,352,1249,1261,glutamate,FB5J
222034,85,121,227,278,acetylcholine,FS4A
224128,97,80,206,209,acetylcholine,PFNp_b
224456,65,124,205,326,unclear,FS4A
227350,63,119,194,259,acetylcholine,FS4C
230056,50,92,156,153,acetylcholine,FS4B
231168,143,169,568,1156,glutamate,FB4Z_a
233026,149,209,564,497,glutamate,FB7C
235972,62,128,124,254,acetylcholine,FS4B
236418,62,80,204,348,acetylcholine,vDeltaK
236557,148,179,376,616,acetylcholine,FC2C
238044,126,200,346,460,acetylcholine,FS1A_a
241046,166,280,625,1229,acetylcholine,FC2B
248193,40,60,107,140,unclear,FS3_d
249693,107,183,250,477,acetylcholine,FS1A_a
252044,64,92,178,188,acetylcholine,FS4B
256361,84,85,231,215,glutamate,FB9B_a
256623,101,113,197,326,acetylcholine,FS1B_a
258715,50,91,577,495,acetylcholine,IbSpsP
258998,66,92,175,205,acetylcholine,FS4A
259750,105,90,265,235,unclear,PFNp_b
262715,57,92,155,188,acetylcholine,FS4C
264828,170,232,427,618,glutamate,FB6S
269054,66,75,155,174,acetylcholine,PFNp_d
270968,160,253,304,1040,acetylcholine,FS2
273774,93,73,312,342,acetylcholine,PFNm_b
275629,76,48,226,128,glutamate,FB9B_a
280345,90,70,242,162,acetylcholine,PFNp_a
284058,108,152,217,356,acetylcholine,FS1B_a
287884,5642,2414,17067,7924,octopamine,OA-VPM3
290285,72,68,261,263,unclear,vDeltaM
292203,382,766,560,1142,dopamine,PAM04
294178,314,360,1537,3559,octopamine,EL
296721,230,367,824,1506,glutamate,SIP119m
298502,176,206,896,720,glutamate,FB4E_a
300334,183,156,471,437,glutamate,FB5W_b
300336,52,110,187,238,acetylcholine,FS4B
302843,61,69,111,139,acetylcholine,FS4B
305537,405,221,1618,464,acetylcholine,GNG587
307621,110,204,229,544,acetylcholine,FS1A_c
310736,68,95,189,227,unclear,FS4A
358638,66,111,121,232,acetylcholine,FS3_d
361803,174,250,526,578,glutamate,FB2K
383941,412,373,3044,3705,acetylcholine,LAL135
394860,148,436,807,1065,glutamate,MBON25
433049,171,232,905,759,gaba,AVLP095
434891,185,111,2298,1055,glutamate,Delta7
454614,197,203,4659,2602,gaba,ER4m
484525,15,22,21,37,unclear,
485278,399,470,4480,2552,glutamate,FB4H
511777,106,118,1112,1052,gaba,ER3a_b
511778,338,351,1782,4377,octopamine,EL
511828,466,206,720,954,serotonin,AN09A005
511841,160,123,2427,1164,glutamate,Delta7
511842,169,361,1291,2932,acetylcholine,PFL2
511844,76,82,768,931,acetylcholine,PEG
511846,306,249,820,1558,serotonin,PFR_a
511847,124,167,447,719,acetylcholine,vDeltaE
511857,143,182,844,771,gaba,ER1_c
512041,373,367,1832,1286,glutamate,FB4F_a
512042,389,321,1960,1092,glutamate,FB4F_c
512071,487,699,4010,5765,acetylcholine,DNae001
512179,255,191,670,1405,serotonin,PFR_a
512186,252,335,1908,1197,glutamate,CRE006
512245,1979,912,3310,1623,unclear,DNc01
512258,339,417,3305,2881,acetylcholine,LAL013
512305,281,344,2495,4015,acetylcholine,EPG
512319,172,136,2607,2960,gaba,ER6
512362,207,155,3170,2662,acetylcholine,hDeltaB
512458,32,35,37,47,unclear,
512513,303,392,2946,5462,acetylcholine,EPG
512514,314,380,2858,4379,acetylcholine,EPG
512515,72,85,1023,960,gaba,ER3a_a
512580,530,847,3072,5317,acetylcholine,pC1x_b
512606,139,149,1606,1262,gaba,ER3w_c
512607,134,73,1335,873,gaba,ER3p_a
512608,129,80,1348,1156,gaba,ER3d_b
512716,281,411,1833,1645,glutamate,FB6M
512717,328,433,1990,1582,glutamate,FB6M
512750,358,328,3198,2488,glutamate,LAL042
512793,98,110,1133,1087,acetylcholine,PEG
512927,134,128,2042,2480,acetylcholine,PEN_a(PEN1)
512928,287,393,2594,5479,acetylcholine,EPG
513032,161,318,1043,2165,acetylcholine,PFL3
513033,269,353,2222,4386,acetylcholine,EPG
513034,165,321,1365,2626,acetylcholine,PFL2
513217,110,228,3111,2832,unclear,LNO1
513266,166,367,1550,2999,acetylcholine,PFL3
513283,157,152,2741,2713,acetylcholine,PEN_a(PEN1)
513284,278,389,2844,5785,acetylcholine,EPG
513344,427,406,1908,1911,acetylcholine,AVLP728m
513346,117,121,1340,1068,gaba,ER3w_b
513376,512,254,2395,1064,glutamate,FB4O
513379,109,61,1957,1144,gaba,ER5
513463,258,379,2576,4620,acetylcholine,EPG
513464,288,343,2553,3826,acetylcholine,EPG
513517,278,366,2334,4556,acetylcholine,EPG
513518,264,232,796,1656,serotonin,PFR_a
513520,294,379,2402,4291,acetylcholine,EPG
513541,293,480,1495,1841,acetylcholine,CL208
513662,374,320,1523,1334,glutamate,FB7G
513678,113,106,1429,1068,gaba,ER3w_b
513698,642,594,3574,2049,acetylcholine,AN08B032
513702,239,154,4624,2609,acetylcholine,hDeltaB
513703,229,209,865,790,acetylcholine,FC3_a
513766,252,459,1032,2226,acetylcholine,CB3683
514042,195,183,1709,1284,gaba,ER2_b
514043,73,100,421,491,acetylcholine,IbSpsP
514044,68,75,347,377,acetylcholine,IbSpsP
514045,154,148,2370,2188,acetylcholine,PEN_a(PEN1)
514125,135,112,1298,1647,acetylcholine,PEN_b(PEN2)
514126,353,382,2807,4448,acetylcholine,EPG
514180,140,86,1185,907,gaba,ER3p_b
514184,33,132,322,924,serotonin,hDeltaK
514405,140,142,1668,1825,acetylcholine,PEN_a(PEN1)
514689,482,557,1809,1795,glutamate,FB5C
514690,253,226,1115,806,glutamate,FB5W_a
514729,414,748,2014,3452,acetylcholine,CB2286
514803,190,188,1763,1356,gaba,ER2_b
514953,163,250,583,1270,gaba,VES101
514997,142,236,1477,1337,acetylcholine,ExR8
515029,426,603,4020,4417,acetylcholine,DNpe027
515130,168,307,1768,3993,acetylcholine,hDeltaA
515192,223,149,3843,2343,acetylcholine,hDeltaB
515193,234,203,680,1493,serotonin,PFR_a
515194,297,315,1634,1296,glutamate,FB6W
515221,537,530,3343,2707,glutamate,FB4G
515232,215,324,1290,2865,acetylcholine,hDeltaI
515233,195,282,789,1655,acetylcholine,FC2B
515234,170,333,1630,4293,acetylcholine,hDeltaA
515275,165,336,584,2116,glutamate,SIP124m
515294,188,129,2253,1358,glutamate,Delta7
515295,113,93,1362,1354,acetylcholine,PFNd
515298,143,229,609,1026,acetylcholine,hDeltaJ
515332,63,88,203,156,acetylcholine,FS4B
515463,267,289,2547,2815,glutamate,FB3A
515464,106,100,1219,1227,acetylcholine,PFNd
515528,212,169,1514,681,glutamate,FB7K
515675,303,377,3047,5135,acetylcholine,EPG
515687,368,394,3924,1676,glutamate,FB6F
515702,80,125,482,651,acetylcholine,vDeltaI_a
515760,225,205,4606,2436,gaba,ER4m
515761,118,80,1353,891,gaba,ER3p_a
515810,364,298,2242,1033,glutamate,FB2M_a
515933,463,345,1802,2639,dopamine,ExR2
515959,249,209,780,705,acetylcholine,FC3_c
515960,222,381,1858,3978,acetylcholine,hDeltaG
515961,196,120,1810,1162,glutamate,Delta7
515963,149,322,1194,2683,acetylcholine,hDeltaM
515966,154,335,1459,3269,acetylcholine,hDeltaH
516001,311,625,1617,2936,acetylcholine,AVLP176_b
516110,180,145,2788,3153,gaba,ER6
516663,226,274,1191,1461,acetylcholine,PFR_b
516666,202,388,2157,4041,acetylcholine,hDeltaH
516919,194,339,1501,4030,acetylcholine,hDeltaA
516944,105,61,1999,1174,gaba,ER5
517012,445,264,3277,1343,glutamate,FB6C_b
517013,244,196,1717,886,glutamate,FB7K
517059,201,193,2163,1562,gaba,ER2_a
517178,442,314,1488,1100,gaba,AVLP734m
517212,308,528,1742,4389,acetylcholine,SMP052
517264,204,190,1929,1367,gaba,ER3w_a
517354,330,421,1349,1768,acetylcholine,aSP10B
517368,364,461,1234,1876,acetylcholine,CB3302
517375,188,320,1241,1307,acetylcholine,AVLP190
517417,173,125,2457,1245,glutamate,Delta7
517418,127,106,1609,1403,acetylcholine,PFNd
517464,255,328,2919,2040,gaba,IB005
517512,462,339,1724,2693,dopamine,ExR2
517548,834,1055,3355,5718,serotonin,FB4Y
517602,131,77,1240,835,gaba,ER3p_a
517603,126,95,1399,1397,gaba,ER3d_d
517630,393,439,1497,1766,acetylcholine,CB3302
517726,191,329,3733,2925,glutamate,LCNOp
517737,337,354,1900,1508,acetylcholine,AVLP306
517747,88,161,231,520,glutamate,SA1_a
517763,336,375,1340,2917,octopamine,EL
517788,593,623,4990,2454,glutamate,AOTU046
518079,301,344,1489,1132,acetylcholine,CL062_a1
518176,245,432,1363,1584,acetylcholine,CL062_b3
518194,169,121,1425,1764,acetylcholine,PEN_b(PEN2)
518220,49,150,4252,2294,glutamate,LNOa
518363,311,387,1380,1849,glutamate,ICL013m_b
518375,152,305,1035,1957,acetylcholine,PFL2
518378,158,340,1276,2249,acetylcholine,PFL3
518519,154,99,651,702,acetylcholine,FC1B
518520,154,92,530,623,acetylcholine,FC1B
518521,146,119,502,460,acetylcholine,FC1D
518604,70,228,853,1495,unclear,FR1
518606,180,300,810,1623,acetylcholine,FC2A
518607,119,73,704,659,acetylcholine,PFNa
518608,118,69,590,433,acetylcholine,PFNa
518609,102,63,632,605,acetylcholine,PFNa
518644,159,310,722,953,glutamate,FB5T
518690,149,173,1044,931,gaba,ER1_b
518704,196,373,1009,2544,acetylcholine,hDeltaC
518706,119,219,190,840,acetylcholine,FS2
518715,373,338,1948,1025,glutamate,FB2F_b
518779,212,327,1334,2422,acetylcholine,hDeltaC
518830,211,296,1233,1892,acetylcholine,PFR_b
518831,171,351,1573,3242,acetylcholine,hDeltaH
518980,102,71,290,186,acetylcholine,vDeltaA_a
519140,301,391,2974,5048,acetylcholine,EPG
519144,264,338,2335,3775,acetylcholine,EPG
519284,262,338,2150,1155,glutamate,CRE006
519296,592,1265,3910,8349,acetylcholine,AVLP477
519328,291,379,2602,4346,acetylcholine,EPG
519329,96,95,1191,910,gaba,ER3a_d
519331,193,117,2081,1011,glutamate,Delta7
519332,168,122,2295,1122,glutamate,Delta7
519346,170,330,1668,2852,acetylcholine,PFL3
519347,225,208,4763,2630,gaba,ER4m
519348,172,204,1130,1049,acetylcholine,PFL1
519349,109,149,1180,1058,acetylcholine,PFL1
519350,115,162,1010,1044,acetylcholine,PFL1
519351,161,377,1345,2740,acetylcholine,PFL3
519354,218,136,581,456,acetylcholine,FC3_c
519358,194,311,838,1850,acetylcholine,FC2B
519359,237,214,826,744,acetylcholine,FC3_b
519365,1038,1313,6331,11245,gaba,VES092
519421,278,360,1561,1339,acetylcholine,CL062_a2
519508,459,312,3605,1863,glutamate,FB6I
519917,569,670,4404,4409,acetylcholine,AOTU100m
519941,294,372,2966,4853,acetylcholine,EPG
520210,145,232,1572,1469,acetylcholine,ExR8
520338,585,733,4020,6195,glutamate,FB4N
520435,822,914,6099,6769,gaba,FB5A
520437,98,154,321,478,acetylcholine,vDeltaI_b
520443,302,330,1402,891,acetylcholine,AVLP709m
520468,1117,882,9269,7170,serotonin,ExR3
520510,269,574,1084,2828,acetylcholine,CB1672
520573,176,350,1360,2691,acetylcholine,PFL2
520575,79,90,898,1115,acetylcholine,PEG
520579,133,162,1268,1015,acetylcholine,PFL1
520581,275,371,2482,4663,acetylcholine,EPG
520582,236,199,1093,650,glutamate,FB5W_a
520643,711,558,3648,2359,acetylcholine,DNp46
520721,597,759,3573,4737,acetylcholine,SMP471
520723,319,405,1067,1356,acetylcholine,SMP715m
520727,456,427,2947,1560,glutamate,FB4K
520811,191,325,1842,2621,acetylcholine,PFL3
520812,287,354,2403,3969,acetylcholine,EPG
520817,275,422,7166,9674,glutamate,ExR4
520818,272,373,2635,4448,acetylcholine,EPG
521014,222,419,1011,1424,acetylcholine,CL062_b1
521092,384,451,3370,3105,gaba,WED076
521126,625,935,5826,6367,gaba,CL248
521234,187,249,627,1071,gaba,SAD075
521274,167,104,923,465,acetylcholine,ANXXX380
521409,279,351,2156,3874,acetylcholine,EPG
521453,290,217,889,884,acetylcholine,pC1_6a
521527,400,586,4510,9614,glutamate,LAL073
521528,119,65,2007,1046,gaba,ER5
521534,103,59,1919,1197,gaba,ER5
521535,92,62,1912,1212,gaba,ER5
521584,1511,1318,5784,6555,dopamine,FB1H
521626,264,309,1097,1401,acetylcholine,CRE081
521634,105,86,1202,1127,acetylcholine,PFNd
521635,249,274,1274,1610,acetylcholine,PFR_b
521637,232,199,726,1356,serotonin,PFR_a
521644,165,352,1051,2404,acetylcholine,hDeltaC
521646,159,280,909,2309,acetylcholine,hDeltaI
521687,653,1121,4158,5794,acetylcholine,AVLP477
521766,222,263,733,778,glutamate,AVLP069_b
521812,258,345,2067,3551,acetylcholine,EPG
521813,281,390,2646,4518,acetylcholine,EPG
521814,171,159,2418,2552,acetylcholine,PEN_a(PEN1)
521975,393,423,2123,1689,glutamate,FB5Q
522444,495,2446,3467,10957,glutamate,MBON02
522465,1635,1356,9274,8585,gaba,SMP593
522715,498,640,3597,4660,gaba,CRE012
522745,173,180,2277,1760,gaba,ER2_c
522749,638,2378,3432,10516,glutamate,MBON02
522759,122,94,1342,1311,gaba,ER3d_d
522790,443,348,1831,1687,glutamate,FB2B_b
522806,143,108,1559,1459,gaba,ER3d_c
522838,313,302,1800,1719,acetylcholine,ATL028
522853,160,350,1315,2831,acetylcholine,PFL2
522855,124,193,306,541,acetylcholine,FS1A_b
522972,412,283,4682,1685,acetylcholine,ExR7
522973,85,95,1062,1197,acetylcholine,PEG
522974,133,233,1513,1327,acetylcholine,ExR8
522987,410,438,2515,3095,acetylcholine,SMP492
522991,376,251,4367,1593,acetylcholine,ExR7
522992,91,102,952,1080,acetylcholine,PEG
522993,100,210,757,1517,serotonin,PFGs
522994,181,119,2234,1247,glutamate,Delta7
523032,165,399,1598,3418,acetylcholine,PFL3
523034,118,146,1017,1046,acetylcholine,PFL1
523035,75,87,961,838,gaba,ER3a_a
523036,147,174,1271,1227,acetylcholine,PFL1
523561,669,618,5679,6760,glutamate,SIP133m
523578,613,366,6584,3207,glutamate,FB6A_b
523636,1166,1364,6338,11393,gaba,VES092
523775,564,490,1818,2214,dopamine,FB2A
523776,880,750,2066,3161,dopamine,FB1C
523786,280,370,2384,4740,acetylcholine,EPG
523788,155,157,1762,1401,gaba,ER3w_a
523806,88,99,1095,1180,acetylcholine,PEG
523807,93,96,952,1171,acetylcholine,PEG
523816,163,179,973,877,gaba,ER1_b
524067,496,536,3469,2201,glutamate,FB4K
524068,119,79,1265,1182,gaba,ER3d_b
524073,270,387,2473,4146,acetylcholine,EPG
524074,157,124,1829,1141,glutamate,Delta7
524075,207,193,1913,1481,gaba,ER2_d
524244,219,398,703,1518,acetylcholine,AVLP178
524270,107,94,987,1001,acetylcholine,PFNd
524351,259,212,790,1526,serotonin,PFR_a
524596,202,308,1702,3774,acetylcholine,hDeltaA
524612,144,184,634,675,glutamate,FB4A_a
524654,70,270,1004,1968,serotonin,PFGs
524655,54,230,644,1418,unclear,FR1
524708,538,837,2090,4088,acetylcholine,CL308
524717,148,111,1241,1547,acetylcholine,PEN_b(PEN2)
524756,507,841,3230,4072,acetylcholine,AVLP488
524761,663,227,1028,902,serotonin,AN09A005
524795,323,351,1643,1139,glutamate,FB4F_b
524876,222,136,2839,1991,acetylcholine,hDeltaB
524945,112,230,522,1295,acetylcholine,hDeltaJ
524946,121,214,515,985,acetylcholine,hDeltaJ
524947,132,233,485,1103,acetylcholine,hDeltaJ
524977,132,207,386,834,acetylcholine,FC2C
525061,102,262,857,1719,serotonin,PFGs
525062,96,97,1182,1144,acetylcholine,PEG
525063,376,332,1964,1804,glutamate,FB6O
525066,239,322,1401,1278,glutamate,FB4F_c
525224,231,169,632,624,acetylcholine,FC3_b
525364,138,225,464,657,glutamate,FB7F
525393,423,282,2282,1325,glutamate,FB4R
525423,487,453,1953,2276,acetylcholine,AVLP728m
525448,380,445,1737,1658,glutamate,FB5F
525452,840,1145,6843,8630,gaba,AVLP710m
525836,194,187,1677,857,glutamate,FB7K
525858,261,168,930,468,glutamate,FB1A
526085,266,209,639,1269,unclear,PFR_a
526086,343,347,1582,1277,glutamate,SIP145m
526143,118,104,1531,1129,gaba,ER3w_b
526285,183,186,439,448,glutamate,FB6S
526388,64,62,632,393,glutamate,P6-8P9
526406,166,274,792,1549,acetylcholine,FC2A
526548,325,375,1082,3653,octopamine,EL
526552,115,107,1325,1122,gaba,ER3w_b
526637,373,298,4002,1957,glutamate,FB6E
526638,449,259,3235,1261,glutamate,FB6C_a
526639,492,474,2394,3333,unclear,FB6H
526642,532,297,2166,1044,glutamate,FB2H_b
526934,136,110,435,487,acetylcholine,PFNm_a
527048,86,224,829,1498,unclear,FR1
527150,139,108,1463,1458,gaba,ER3d_a
527199,141,116,1633,1405,gaba,ER3d_e
527297,111,67,1880,1345,gaba,ER5
527427,424,501,2091,2295,glutamate,FB6V
527475,277,233,662,1462,serotonin,PFR_a
527653,169,170,2450,2294,gaba,ER4d
529018,151,277,755,859,glutamate,FB5B
529127,507,319,4886,2923,glutamate,FB6D
529128,498,290,3286,1457,glutamate,FB6C_b
529129,619,356,6600,3235,glutamate,FB6A_b
529142,35,128,269,784,serotonin,hDeltaK
529175,190,259,794,1529,acetylcholine,hDeltaI
529207,134,80,1401,953,gaba,ER3p_a
529253,220,174,678,614,acetylcholine,FC3_c
529266,127,238,424,985,acetylcholine,FC2C
529318,170,127,2021,1184,glutamate,Delta7
529330,126,78,1261,1201,gaba,ER3d_b
529385,153,139,2223,2254,acetylcholine,PEN_b(PEN2)
529453,138,113,401,429,acetylcholine,FC1E
529491,175,138,977,573,glutamate,CB1062
529571,398,691,2650,5056,gaba,VES087
529811,2123,1119,7097,6881,dopamine,AVLP476
529826,71,75,980,890,gaba,ER3a_a
529847,159,121,1399,1255,gaba,ER3m
529992,137,233,498,981,acetylcholine,FC2C
530033,395,214,1565,1025,glutamate,FB2E
530049,160,303,721,1708,gaba,SAD075
530071,138,345,1558,2752,acetylcholine,PFL3
530339,123,93,1358,1359,gaba,ER3d_d
530445,163,286,703,1688,acetylcholine,FC2B
530449,55,259,787,1986,acetylcholine,FR1
530800,166,205,419,577,acetylcholine,SMP714m
530880,62,229,796,1405,unclear,FR1
530982,261,373,1093,1245,acetylcholine,CL208
531009,221,254,1091,1666,acetylcholine,PFR_b
531073,137,228,477,977,acetylcholine,FC2C
531755,273,202,901,1696,serotonin,PFR_a
531914,280,293,1098,1191,glutamate,FB5V_b
532023,316,255,1633,1306,glutamate,FB7L
532050,425,673,4915,5414,acetylcholine,DNp23
532124,286,309,1387,1147,glutamate,FB5V_a
532637,115,83,1211,1124,gaba,ER3m
532704,175,267,804,1697,acetylcholine,FC2A
532800,241,285,1362,1626,acetylcholine,PFR_b
532942,586,867,3790,7836,acetylcholine,VES053
533062,99,86,1282,1262,gaba,ER3a_a
533103,1543,1273,5780,5972,dopamine,FB1H
533123,364,301,1380,1205,glutamate,FB4Q_b
533135,149,121,476,462,acetylcholine,PFNp_c
533223,357,363,1876,1181,glutamate,FB4F_a
533434,128,214,586,1088,acetylcholine,hDeltaJ
533435,241,166,673,698,acetylcholine,FC3_c
533436,173,231,579,1128,acetylcholine,FC2C
533662,357,327,2914,1542,acetylcholine,AVLP727m
533725,196,120,2498,1259,glutamate,Delta7
533727,72,85,553,526,acetylcholine,IbSpsP
533943,407,266,2639,1199,glutamate,FB7A
533944,229,318,2019,4980,acetylcholine,hDeltaF
533946,670,358,6890,4386,glutamate,FB6A_c
534560,138,102,540,688,acetylcholine,FC1B
534561,199,117,709,871,acetylcholine,FC1B
534662,194,276,594,1420,acetylcholine,FC2C
534834,172,123,449,346,acetylcholine,PFNp_c
535042,233,210,823,636,glutamate,FB8A
535053,190,196,537,536,glutamate,FB7F
535056,134,260,592,1617,acetylcholine,hDeltaI
535072,103,188,175,609,acetylcholine,FS2
535098,134,88,743,615,acetylcholine,FC1A
535099,166,114,482,575,acetylcholine,FC1B
535347,100,100,1158,1107,acetylcholine,PEG
535488,101,68,645,588,acetylcholine,PFNa
535910,74,106,220,207,acetylcholine,FS4C
535972,101,154,456,698,acetylcholine,vDeltaD
536057,353,480,946,2394,dopamine,FB4L
536058,175,259,840,1119,glutamate,FB5V_a
536208,794,661,3100,4165,unclear,FB5H
536264,44,173,334,881,serotonin,hDeltaK
536354,139,134,376,556,acetylcholine,FC1C_b
536355,162,239,852,1174,acetylcholine,hDeltaJ
536360,129,79,860,984,acetylcholine,PFNa
536441,355,400,2002,1595,glutamate,FB5Q
536443,355,372,1991,1446,glutamate,FB6W
537128,145,222,438,907,acetylcholine,FC2C
539226,417,281,2416,1003,acetylcholine,LAL007
539227,831,721,1959,3410,dopamine,FB1C
539328,64,220,400,1618,serotonin,PFGs
539591,224,285,656,950,acetylcholine,
539675,102,136,498,554,acetylcholine,vDeltaI_a
539830,89,187,428,496,glutamate,FB8F_b
540248,157,111,586,594,acetylcholine,FC1A
540382,140,249,738,781,glutamate,FB5B
541409,110,84,232,228,acetylcholine,PFNp_b
541412,56,121,612,785,glutamate,SpsP
541755,246,215,570,1503,serotonin,PFR_a
541855,22,119,197,727,serotonin,hDeltaK
542246,169,100,547,440,acetylcholine,FC1D
542590,255,172,742,558,acetylcholine,FC3_c
542782,160,108,558,621,acetylcholine,FC1B
542805,138,120,449,481,acetylcholine,FC1D
543298,146,101,519,529,acetylcholine,FC1D
543404,130,227,473,673,glutamate,FB8F_a
543465,133,163,510,788,acetylcholine,vDeltaD
543495,148,93,438,510,acetylcholine,FC1F
543506,100,76,646,735,acetylcholine,EPGt
544358,152,111,506,663,acetylcholine,FC1B
544496,140,182,958,981,gaba,ER3a_c
544687,135,73,750,577,acetylcholine,PFNa
544759,116,224,283,725,acetylcholine,FS1A_b
545381,143,133,456,468,acetylcholine,FC1E
545857,91,140,153,304,acetylcholine,FS3_c
546044,158,235,467,1020,acetylcholine,FC2C
546594,91,76,223,178,unclear,PFNp_b
547298,89,119,244,251,acetylcholine,FR2
548294,179,104,403,326,acetylcholine,PFNp_c
548469,124,197,251,586,acetylcholine,FS1A_c
548890,62,83,139,141,acetylcholine,FS4B
549033,114,141,234,466,acetylcholine,FS3_a
549508,73,81,525,548,acetylcholine,IbSpsP
549582,156,278,745,880,glutamate,FB5P
549620,129,120,383,371,acetylcholine,FC1E
549729,94,176,300,591,acetylcholine,vDeltaI_b
550199,101,132,367,516,acetylcholine,vDeltaD
550577,174,124,540,700,acetylcholine,FC1F
550660,176,287,590,1455,acetylcholine,FC2C
550769,138,146,314,470,acetylcholine,FC1C_b
551404,129,273,436,1203,acetylcholine,FC2C
552768,109,175,295,555,acetylcholine,FS1A_a
552966,78,86,281,398,acetylcholine,vDeltaM
553201,274,405,791,855,dopamine,PAM09
553721,77,76,183,192,acetylcholine,PFNp_b
553847,167,112,378,358,acetylcholine,PFNp_c
554008,123,262,499,887,glutamate,FB6T
555342,583,290,7158,5780,acetylcholine,LPsP
555705,257,476,840,2954,glutamate,SIP104m
555727,548,472,4993,6658,acetylcholine,LAL119
555746,322,369,1313,1206,acetylcholine,pC1_13b
555768,8,277,10,1540,unclear,IPC
556064,595,649,6930,3749,acetylcholine,CL336
556346,266,352,1913,4040,acetylcholine,EPG
556347,273,381,2254,4302,acetylcholine,EPG
556502,77,218,3098,2523,unclear,LNO1
556700,74,157,397,632,acetylcholine,vDeltaI_b
557192,235,251,1051,1040,acetylcholine,AVLP704m
557352,241,273,758,1134,glutamate,SIP146m
557395,247,258,1790,4090,acetylcholine,hDeltaF
558033,53,81,136,360,unclear,vDeltaL
560327,207,297,869,1721,acetylcholine,FC2A
561332,443,299,2506,1296,glutamate,FB2F_a
565219,53,54,200,238,unclear,vDeltaM
565465,304,240,2068,1416,glutamate,FB7A
565876,111,174,260,375,acetylcholine,FS1A_a
565971,223,302,990,1388,glutamate,FB1J
567101,169,371,1870,2816,acetylcholine,PFL3
568155,193,126,2500,1151,glutamate,Delta7
568471,31,129,144,679,serotonin,hDeltaK
568502,125,108,1954,1245,gaba,ER5
571291,141,90,451,345,acetylcholine,FC1D
575576,44,61,126,221,unclear,vDeltaL
577526,60,73,118,145,acetylcholine,FS3_d
578189,34,52,112,119,unclear,FB9B_e
578449,54,76,174,222,glutamate,FB9B_c
580251,59,50,185,157,unclear,vDeltaM
580329,113,186,469,1096,glutamate,FB4Z_a
580497,108,192,501,591,glutamate,FB8F_b
580653,342,215,887,798,glutamate,FB1B
580761,101,61,304,134,acetylcholine,vDeltaA_b
580819,158,192,676,906,glutamate,FB5R
581422,231,331,968,1223,glutamate,FB5V_a
588507,214,152,615,467,glutamate,FB5W_b
802955,250,112,347,550,serotonin,EA27X006
922814,284,278,1083,986,glutamate,FB5V_b
924571,1025,959,6128,5362,acetylcholine,DNp64
934913,64,145,87,400,unclear,FS3_c
369423198,23,33,32,69,unclear,
409267317,17,41,22,70,unclear,
440077947,38,47,72,99,unclear,
573001729,15,42,37,117,unclear,
742605328,22,21,57,39,unclear,
845365333,20,26,39,67,unclear,
909325049,21,27,47,54,unclear,
